X.libraryId	max_intergenic	cutoffTPM	cutoffGenicTPM	cutoffFPKM	cutoffGenicFPKM	proportionGenicPresent	numberGenicPresent	numberGenic	proportionCodingPresent	numberPresentCoding	numberCoding	proportionIntergenicPresent	numberIntergenicPresent	numberIntergenic	ratioIntergenicCodingPresent	species	organism
ERX016335	9.87366753	0.224699	0.22836822114123	0.22047287718431	0.246721729489194	45.8341598889109	13863	30246	61.3010728144259	13428	21905	16.1613827525649	3497	21638	0.05	9544	Macaca mulatta
ERX016343	9.87366753	0.709312	0.728921639863085	0.72288201293801	0.967188849284022	42.4287509092111	12833	30246	56.7906870577494	12440	21905	11.7986874942231	2553	21638	0.05	9544	Macaca mulatta
ERX1403306	9.87366753	0.0990358	0.100190176252062	0.248508236767051	0.281731517903987	55.7263770415923	16855	30246	65.350376626341	14315	21905	18.1948424068768	3937	21638	0.05	9544	Macaca mulatta
ERX1403307	9.87366753	0.0717916	0.0724675489865343	0.208186164804703	0.23348407489116	54.4105005620578	16457	30246	64.8390778361105	14203	21905	18.157870413162	3929	21638	0.05	9544	Macaca mulatta
ERX1403308	9.87366753	0.137109	0.137795106223692	0.28976435030949	0.318248843326207	54.4501752297825	16469	30246	64.0036521342159	14020	21905	16.9054441260745	3658	21638	0.05	9544	Macaca mulatta
ERX1403309	9.87366753	0.158189	0.160080458317893	0.370665220174487	0.426639862631599	53.8054618792568	16274	30246	62.5108422734535	13693	21905	16.1382752564932	3492	21638	0.05	9544	Macaca mulatta
SRX080237	9.87366753	0.328304	0.333497003094186	0.365845526154001	0.413514248939336	31.9612510745223	9667	30246	43.1636612645515	9455	21905	13.0834642758111	2831	21638	0.05	9544	Macaca mulatta
SRX080238	9.87366753	0.420553	0.423632191115383	0.649032886192575	0.74179394550317	22.4723930437083	6797	30246	30.3309746633189	6644	21905	6.83519733801645	1479	21638	0.05	9544	Macaca mulatta
SRX080239	9.87366753	0.281275	0.283960453231737	0.347842153723314	0.380952280151408	32.8373999867751	9932	30246	44.4373430723579	9734	21905	12.0297624549404	2603	21638	0.05	9544	Macaca mulatta
SRX080240	9.87366753	0.23305	0.234378250701393	0.356077822850305	0.385943194339345	27.6201811809826	8354	30246	37.457201552157	8205	21905	9.23837692947592	1999	21638	0.05	9544	Macaca mulatta
SRX080241	9.87366753	0.436681	0.440635305774996	0.698627765760423	0.807511815217245	31.7496528466574	9603	30246	42.9445332115955	9407	21905	9.99168130141418	2162	21638	0.05	9544	Macaca mulatta
ERX221778	9.87366753	0.0500938	0.0505036359647989	0.051089357024592	0.0544340883442944	48.9585399722277	14808	30246	63.6703948870121	13947	21905	18.4906183565949	4001	21638	0.05	9544	Macaca mulatta
ERX221779	9.87366753	0.0452038	0.045570195600788	0.0465987589528938	0.04962779292155	49.6429279904781	15015	30246	64.108650992924	14043	21905	19.1422497458175	4142	21638	0.05	9544	Macaca mulatta
ERX221780	9.87366753	0.0417163	0.0420565822018295	0.0404016169068942	0.0426024327112921	49.7553395490313	15049	30246	63.7023510614015	13954	21905	18.8557167945281	4080	21638	0.05	9544	Macaca mulatta
ERX221781	9.87366753	0.0399446	0.040265762125345	0.0390575971828196	0.041166253312276	50.0033062223104	15124	30246	63.6293083770829	13938	21905	19.1561142434606	4145	21638	0.05	9544	Macaca mulatta
ERX221782	9.87366753	0.0520756	0.0525222169885039	0.0511486265937742	0.0543060300561896	50.3074786748661	15216	30246	64.9440766948185	14226	21905	19.1052777521028	4134	21638	0.05	9544	Macaca mulatta
ERX221783	9.87366753	0.0501626	0.0505894862995509	0.0493745440425638	0.052386393794687	50.6347946835945	15315	30246	64.8984250171194	14216	21905	19.1376282466032	4141	21638	0.05	9544	Macaca mulatta
ERX221784	9.87366753	0.0451931	0.0454915066942543	0.048952939115421	0.0514628276503803	48.3039079547709	14610	30246	62.6523624743209	13724	21905	19.0821702560311	4129	21638	0.05	9544	Macaca mulatta
ERX221785	9.87366753	0.0445103	0.0448050726417676	0.0481193513221405	0.0505626649908505	48.5650995172915	14689	30246	62.8486646884273	13767	21905	19.2393012293188	4163	21638	0.05	9544	Macaca mulatta
ERX221786	9.87366753	0.0451856	0.0455233297096389	0.0447179527759413	0.0470086399649856	48.8858030813992	14786	30246	63.4877881762155	13907	21905	19.0960347536741	4132	21638	0.05	9544	Macaca mulatta
ERX221787	9.87366753	0.042733	0.043043781115964	0.0431119343324804	0.0452847480768355	49.1271573100575	14859	30246	63.620178041543	13936	21905	19.2161937332471	4158	21638	0.05	9544	Macaca mulatta
SRX014842	9.87366753	0.558534	0.568146621102213	0.423665978424829	0.472845129284776	45.2258149837995	13679	30246	60.4473864414517	13241	21905	17.5616970145115	3800	21638	0.05	9544	Macaca mulatta
SRX014843	9.87366753	0.590548	0.600725937176153	0.446856302839267	0.499031541229308	44.8356807511737	13561	30246	60.0593471810089	13156	21905	17.0440891025049	3688	21638	0.05	9544	Macaca mulatta
SRX014844	9.87366753	0.64391	0.655366303783957	0.472664339338992	0.527911171647909	44.0521060636117	13324	30246	58.9134900707601	12905	21905	16.1937332470653	3504	21638	0.05	9544	Macaca mulatta
SRX014845	9.87366753	0.726333	0.739571136663616	0.529229370319995	0.593254386726536	42.7659855848707	12935	30246	57.4206802099977	12578	21905	15.2601904057676	3302	21638	0.05	9544	Macaca mulatta
SRX014846	9.87366753	0.708041	0.721253303547046	0.53582656751996	0.603901400802954	44.8588243073464	13568	30246	59.8128281214335	13102	21905	16.9609021166466	3670	21638	0.05	9544	Macaca mulatta
SRX014847	9.87366753	0.704978	0.718169325935027	0.5338871062745	0.601820768885915	44.7298816372413	13529	30246	59.7534809404246	13089	21905	17.099547093077	3700	21638	0.05	9544	Macaca mulatta
SRX014848	9.87366753	0.688555	0.702284604604385	0.481800155261788	0.543512467816518	44.3430536269259	13412	30246	59.2193563113444	12972	21905	16.9054441260745	3658	21638	0.05	9544	Macaca mulatta
SRX014849	9.87366753	0.678994	0.692422133339619	0.473906407051573	0.533518541532228	44.2901540699597	13396	30246	59.1600091303355	12959	21905	16.9008226268602	3657	21638	0.05	9544	Macaca mulatta
SRX014850	9.87366753	1.35252000187742	1.38142119635621	1.12424762048286	1.32414848999781	35.5848707267077	10763	30246	47.3544852773339	10373	21905	11.4520750531472	2478	21638	0.05	9544	Macaca mulatta
SRX014851	9.87366753	1.30728	1.334759956409	1.0908160527662	1.28306884444234	35.7898565099517	10825	30246	47.6512211823784	10438	21905	11.6923930122932	2530	21638	0.05	9544	Macaca mulatta
SRX014852	9.87366753	0.498506	0.505549634910606	0.413122636304446	0.457099225500891	44.7166567479997	13525	30246	59.621091075097	13060	21905	16.6004251779277	3592	21638	0.05	9544	Macaca mulatta
SRX014853	9.87366753	0.434534	0.440400275679003	0.362748874612603	0.398921681400252	44.5414269655492	13472	30246	59.6804382561059	13073	21905	17.2428135687217	3731	21638	0.05	9544	Macaca mulatta
SRX025579	9.87366753	0.96963	1.02138444915098	0.527503461289201	0.646599373692862	50.2578853402103	15201	30246	66.8842729970326	14651	21905	23.1490895646548	5009	21638	0.05	9544	Macaca mulatta
SRX102930	9.87366753	0.103134	0.103781468266182	0.187147634353736	0.203735259877942	55.008926800238	16638	30246	70.5683633873545	15458	21905	20.903040946483	4523	21638	0.05	9544	Macaca mulatta
SRX102935	9.87366753	0.128259	0.129219837978737	0.181150879105112	0.196208338299586	54.241883224228	16406	30246	69.1166400365213	15140	21905	20.2606525556891	4384	21638	0.05	9544	Macaca mulatta
SRX102962	9.87366753	0.110432	0.111234699512693	0.161623780853365	0.175074840591873	56.5661575084309	17109	30246	71.4494407669482	15651	21905	21.8458267862094	4727	21638	0.05	9544	Macaca mulatta
SRX102963	9.87366753	0.116917	0.1177611489006	0.16685624263812	0.180131626554547	55.2833432520003	16721	30246	70.1803241269117	15373	21905	21.8365837877808	4725	21638	0.05	9544	Macaca mulatta
SRX105923	9.87366753	4.48368	4.57670675246609	3.69910558056863	4.21746962222298	41.2219797659195	12468	30246	53.5494179411093	11730	21905	4.01146131805158	868	21638	0.05	9544	Macaca mulatta
SRX105924	9.87366753	4.97105	5.08155568642817	4.06313470719125	4.65374071103987	39.4200886067579	11923	30246	51.298790230541	11237	21905	3.78962935576301	820	21638	0.05	9544	Macaca mulatta
SRX106092	9.87366753	6.64025	6.83547550504769	4.80953302220554	5.63975190630313	39.7705481716591	12029	30246	51.3170509016206	11241	21905	3.91440983455033	847	21638	0.05	9544	Macaca mulatta
SRX106093	9.87366753	6.9319	7.13212820558758	5.08528410009118	5.97095478457067	37.5917476691133	11370	30246	48.4546907098836	10614	21905	3.68795637304742	798	21638	0.05	9544	Macaca mulatta
SRX251944	9.87366753	0.2613	0.266730765333008	0.215500916036908	0.245898541108814	60.5865238378629	18325	30246	76.3889522939968	16733	21905	24.4800813383862	5297	21638	0.05	9544	Macaca mulatta
SRX251945	9.87366753	0.276225	0.282395273593554	0.225176276263819	0.258119081666184	60.6228922832771	18336	30246	76.3433006162977	16723	21905	24.4292448470284	5286	21638	0.05	9544	Macaca mulatta
SRX251946	9.87366753	0.437669	0.450606362223888	0.315927577550936	0.371016444484755	60.6691793956226	18350	30246	75.0148367952522	16432	21905	25.0069322488215	5411	21638	0.05	9544	Macaca mulatta
SRX251947	9.87366753	0.420252	0.432415353104369	0.308341379507174	0.362420691893674	58.5366660054222	17705	30246	73.1157270029674	16016	21905	24.170440891025	5230	21638	0.05	9544	Macaca mulatta
SRX270655	9.87366753	0.255705	0.262608361600185	0.196802130325323	0.232733245040146	73.1964557296833	22139	30246	85.8479799132618	18805	21905	30.4972733154635	6599	21638	0.05	9544	Macaca mulatta
SRX270656	9.87366753	0.276712	0.284479607238682	0.200712991124136	0.236963569097399	73.2096806189248	22143	30246	85.7201552157042	18777	21905	30.7375912746095	6651	21638	0.05	9544	Macaca mulatta
SRX270657	9.87366753	0.31607	0.326225827988093	0.203141069267847	0.241653643625997	63.4596310255902	19194	30246	83.6612645514723	18326	21905	30.0397448932434	6500	21638	0.05	9544	Macaca mulatta
SRX270658	9.87366753	0.339175	0.350843553703997	0.206899905375059	0.247039766419019	63.8200092574225	19303	30246	84.1269116640037	18428	21905	30.6682687863943	6636	21638	0.05	9544	Macaca mulatta
SRX270659	9.87366753	0.315368	0.325068611691255	0.229228409798118	0.274652826612864	72.3368379289823	21879	30246	85.4508103172792	18718	21905	30.303170348461	6557	21638	0.05	9544	Macaca mulatta
SRX270660	9.87366753	0.273817	0.282528419733172	0.212007347858269	0.253474794833233	72.8625272763341	22038	30246	85.0445103857567	18629	21905	27.9369627507163	6045	21638	0.05	9544	Macaca mulatta
SRX270661	9.87366753	1.08801	1.1151052418979	0.800319749372121	1.00256851359917	55.6602525953845	16835	30246	73.5950696188085	16121	21905	22.991958591367	4975	21638	0.05	9544	Macaca mulatta
SRX270662	9.87366753	0.428233	0.44509246326219	0.245847738445041	0.29809439044605	62.4016398862659	18874	30246	82.5473636156129	18082	21905	29.5406229780941	6392	21638	0.05	9544	Macaca mulatta
SRX270663	9.87366753	0.33433	0.346966705093726	0.214169964849831	0.257276572634864	62.844673675858	19008	30246	83.2138781100205	18228	21905	27.678158794713	5989	21638	0.05	9544	Macaca mulatta
SRX270668	9.87366753	1.25889	1.29090438336983	0.906298914337874	1.15800987486062	54.506381009059	16486	30246	72.2529102944533	15827	21905	19.6922081523246	4261	21638	0.05	9544	Macaca mulatta
SRX329430	9.87366753	0.130057	0.132023591409929	0.0969831035301394	0.106441591766792	51.7390729352642	15649	30246	69.1485962109108	15147	21905	23.0751455772252	4993	21638	0.05	9544	Macaca mulatta
SRX329431	9.87366753	0.0672742	0.0679172852529952	0.0617298064836956	0.0665457790310649	50.1091053362428	15156	30246	66.8705774937229	14648	21905	22.1046307422128	4783	21638	0.05	9544	Macaca mulatta
SRX329432	9.87366753	0.0638001	0.0643672000676709	0.0611642271826147	0.0667185530872953	51.950671163129	15713	30246	69.3083770828578	15182	21905	23.1814400591552	5016	21638	0.05	9544	Macaca mulatta
SRX329433	9.87366753	0.0739203	0.0746120593723417	0.0673434743971617	0.0728438101828272	49.9338755537922	15103	30246	67.0212280301301	14681	21905	21.8042332932803	4718	21638	0.05	9544	Macaca mulatta
SRX329434	9.87366753	0.0681324	0.0688365826725731	0.0604864131792164	0.0653173015375462	52.274680949547	15811	30246	69.8516320474777	15301	21905	23.0520380811535	4988	21638	0.05	9544	Macaca mulatta
SRX329436	9.87366753	0.237942	0.242189482094032	0.216813082377772	0.249152573231067	54.5725054552668	16506	30246	72.2300844556037	15822	21905	24.3553008595989	5270	21638	0.05	9544	Macaca mulatta
SRX329437	9.87366753	0.229344171299	0.23320917774709	0.211256431731616	0.242034465090973	53.5872512067711	16208	30246	71.1435745263638	15584	21905	23.9116369350217	5174	21638	0.05	9544	Macaca mulatta
SRX329435	9.87366753	0.0876121	0.0885621605465547	0.0780064393070583	0.085010028054595	51.7456853798849	15651	30246	69.1714220497603	15152	21905	23.11211757094	5001	21638	0.05	9544	Macaca mulatta
SRX329438	9.87366753	0.220221	0.22382950185108	0.213651738102234	0.246312279148313	53.415327646631	16156	30246	70.8148824469299	15512	21905	24.0040669193086	5194	21638	0.05	9544	Macaca mulatta
SRX329439	9.87366753	0.187157001	0.190124118501823	0.183111440424135	0.209936589849487	54.4237254512993	16461	30246	72.2209541200639	15820	21905	24.6279693132452	5329	21638	0.05	9544	Macaca mulatta
SRX329440	9.87366753	0.223222	0.226884239709456	0.205850885486841	0.23561767189354	53.1871983072142	16087	30246	70.705318420452	15488	21905	23.8515574452352	5161	21638	0.05	9544	Macaca mulatta
SRX329441	9.87366753	0.2328936	0.236935794406656	0.216769901027255	0.25032193993045	54.4766250082656	16477	30246	72.1433462679753	15803	21905	24.2258988815972	5242	21638	0.05	9544	Macaca mulatta
SRX329442	9.87366753	0.342253	0.351339710487592	0.246086205509733	0.290239166504145	54.4865436751967	16480	30246	72.376169824241	15854	21905	24.5678898234587	5316	21638	0.05	9544	Macaca mulatta
SRX329443	9.87366753	0.301431	0.309270942768317	0.221752707536468	0.260456302890512	54.6551610130265	16531	30246	72.6729057292856	15919	21905	24.798964784176	5366	21638	0.05	9544	Macaca mulatta
SRX329444	9.87366753	0.34894	0.358465839508458	0.238988543661313	0.281249159779728	54.9923956886861	16633	30246	73.2663775393746	16049	21905	24.2027913855255	5237	21638	0.05	9544	Macaca mulatta
SRX329445	9.87366753	0.358314	0.368916608289657	0.247205019089498	0.293818585251234	54.0567347748463	16350	30246	71.9379137183292	15758	21905	24.5817543211018	5319	21638	0.05	9544	Macaca mulatta
SRX329446	9.87366753	0.351697	0.361879081449373	0.255501712608363	0.304162849653021	54.3774383389539	16447	30246	72.2574754622232	15828	21905	24.8035862833903	5367	21638	0.05	9544	Macaca mulatta
SRX329447	9.87366753	0.328279	0.336687974654222	0.317163536338811	0.392153699456902	49.8908946637572	15090	30246	66.541885414289	14576	21905	23.0150660874388	4980	21638	0.05	9544	Macaca mulatta
SRX329448	9.87366753	0.363053	0.373350276357122	0.26140498781644	0.312107588510274	53.8682801031541	16293	30246	71.4859621091075	15659	21905	24.785100286533	5363	21638	0.05	9544	Macaca mulatta
SRX329449	9.87366753	0.380203	0.391046804628223	0.260604213073183	0.309844755966276	53.2566289757323	16108	30246	70.9609678155672	15544	21905	24.5540253258157	5313	21638	0.05	9544	Macaca mulatta
SRX329450	9.87366753	0.430879	0.444321403636421	0.287803085220888	0.34635698597079	53.7922369900152	16270	30246	71.3124857338507	15621	21905	24.3553008595989	5270	21638	0.05	9544	Macaca mulatta
SRX329451	9.87366753	0.381368	0.392288542484097	0.268182206538699	0.320000438638799	53.0417245255571	16043	30246	70.6140150650536	15468	21905	24.4153803493853	5283	21638	0.05	9544	Macaca mulatta
SRX329452	9.87366753	0.375879	0.38787411472863	0.249423525808817	0.297927344986469	54.2022085565033	16394	30246	71.9744350604885	15766	21905	24.8266937794621	5372	21638	0.05	9544	Macaca mulatta
SRX329453	9.87366753	0.346747	0.356166305943477	0.256161429633716	0.306200512698244	54.6452423460953	16528	30246	72.4035608308605	15860	21905	25.0716332378224	5425	21638	0.05	9544	Macaca mulatta
SRX329454	9.87366753	0.456257	0.471071572228895	0.342324779184154	0.418512280338955	52.4730542881703	15871	30246	69.4088107737959	15204	21905	24.6187263148165	5327	21638	0.05	9544	Macaca mulatta
SRX329455	9.87366753	0.550113	0.569541361635252	0.357757097930307	0.434569170713245	52.7507769622429	15955	30246	70.0388039260443	15342	21905	24.0964969035955	5214	21638	0.05	9544	Macaca mulatta
SRX329456	9.87366753	0.510483	0.528435584916937	0.323677859149016	0.392858815116804	52.2515373933743	15804	30246	69.2216388952294	15163	21905	24.2166558831685	5240	21638	0.05	9544	Macaca mulatta
SRX329457	9.87366753	0.478121	0.494084592519501	0.318413230326378	0.384962057976184	52.7606956291741	15958	30246	69.9064140607167	15313	21905	24.6603198077456	5336	21638	0.05	9544	Macaca mulatta
SRX329458	9.87366753	0.573313	0.594981740609692	0.350440660246124	0.427104678586897	52.3143556172717	15823	30246	69.2490299018489	15169	21905	24.1750623902394	5231	21638	0.05	9544	Macaca mulatta
SRX329459	9.87366753	0.443055	0.457262193329841	0.318453906414521	0.387191506125211	52.615221847517	15914	30246	69.7420680209998	15277	21905	24.66494130696	5337	21638	0.05	9544	Macaca mulatta
SRX978175	9.87366753	0.112345	0.115817744308167	0.140134345386509	0.167818696512291	54.846921907029	16589	30246	72.9011641177813	15969	21905	23.7729919585914	5144	21638	0.05	9544	Macaca mulatta
SRX978176	9.87366753	0.1833085	0.188202468735536	0.121170629253779	0.139967233870856	55.2833432520003	16721	30246	73.6544167998174	16134	21905	23.3894075238007	5061	21638	0.05	9544	Macaca mulatta
SRX978177	9.87366753	0.193333	0.198405829598182	0.127278456824037	0.145693579497804	54.7973285723732	16574	30246	73.1248573385072	16018	21905	22.2756262131435	4820	21638	0.05	9544	Macaca mulatta
SRX1038925	9.87366753	0.265608	0.267807961615075	0.462638042443698	0.51476950885304	61.3304238577002	18550	30246	72.8235562656928	15952	21905	17.0209816064331	3683	21638	0.05	9544	Macaca mulatta
SRX1038924	9.87366753	0.137104	0.13821971401713	0.176451356922468	0.190840040890851	54.3212325596773	16430	30246	66.1994978315453	14501	21905	18.278029392735	3955	21638	0.05	9544	Macaca mulatta
SRX1038923	9.87366753	0.0456751	0.0458625628743644	0.0901068621640795	0.095876845774833	60.9931891820406	18448	30246	74.5583200182607	16332	21905	24.3784083556706	5275	21638	0.05	9544	Macaca mulatta
SRX1038922	9.87366753	0.117217	0.118604072588883	0.239569692115538	0.283081462508053	61.8032136480857	18693	30246	73.5174617667199	16104	21905	24.8174507810334	5370	21638	0.05	9544	Macaca mulatta
SRX1383017	9.87366753	0.212244	0.217964977226339	0.149172237826324	0.170915867788515	55.187462804999	16692	30246	73.7594156585255	16157	21905	23.9532304279508	5183	21638	0.05	9544	Macaca mulatta
SRX1383018	9.87366753	0.271205	0.278169548410428	0.164016502796826	0.185836495509598	54.7642663492693	16564	30246	73.2892033782242	16054	21905	22.9318791015806	4962	21638	0.05	9544	Macaca mulatta
SRX1383019	9.87366753	0.250943	0.257042446129449	0.152148936267598	0.17175117623697	54.3906632281955	16451	30246	72.6409495548961	15912	21905	22.6730751455772	4906	21638	0.05	9544	Macaca mulatta
SRX1383020	9.87366753	0.235411	0.241214087536644	0.145669398829068	0.16512949827377	53.8054618792568	16274	30246	71.9607395571787	15763	21905	22.8533136149367	4945	21638	0.05	9544	Macaca mulatta
SRX1383021	9.87366753	0.248093	0.254123540502409	0.155406057405826	0.176793395402407	53.5475765390465	16196	30246	71.7507418397626	15717	21905	22.6499676495055	4901	21638	0.05	9544	Macaca mulatta
SRX1383022	9.87366753	0.250502	0.256821603685089	0.153006772605692	0.17359910759735	53.4880645374595	16178	30246	71.7370463364529	15714	21905	22.8995286070801	4955	21638	0.05	9544	Macaca mulatta
SRX1383023	9.87366753	0.238199	0.244420484814807	0.151116594443001	0.171796876701898	53.8550552139126	16289	30246	72.0657384158868	15786	21905	22.7377761345781	4920	21638	0.05	9544	Macaca mulatta
SRX1383024	9.87366753	0.245597	0.251780201219222	0.150942747806119	0.171180332743335	53.4682272035972	16172	30246	71.7050901620635	15707	21905	22.5298086699325	4875	21638	0.05	9544	Macaca mulatta
SRX1383025	9.87366753	0.252929	0.259334462365451	0.157032541313973	0.178088988642966	53.1376049725583	16072	30246	71.298790230541	15618	21905	22.3264627045013	4831	21638	0.05	9544	Macaca mulatta
SRX1383026	9.87366753	0.232474	0.238923095188099	0.152355389934751	0.173244773617285	53.9674667724658	16323	30246	72.0657384158868	15786	21905	22.6176171550051	4894	21638	0.05	9544	Macaca mulatta
SRX1383027	9.87366753	0.194446	0.198780808575921	0.126250404819314	0.141819079692823	53.8550552139126	16289	30246	72.1570417712851	15806	21905	22.8024771235789	4934	21638	0.05	9544	Macaca mulatta
SRX1383028	9.87366753	0.25986	0.266683459947623	0.155283528869574	0.176371782444326	53.7723996561529	16264	30246	71.9516092216389	15761	21905	22.9549865976523	4967	21638	0.05	9544	Macaca mulatta
SRX1383029	9.87366753	0.231927	0.237449056055671	0.145005852704235	0.164065162711003	53.7591747669113	16260	30246	72.052042912577	15783	21905	22.6453461502912	4900	21638	0.05	9544	Macaca mulatta
SRX1383030	9.87366753	0.24344973	0.249526668763832	0.149834840813055	0.169897718161727	53.4946769820803	16180	30246	71.7644373430724	15720	21905	22.7978556243645	4933	21638	0.05	9544	Macaca mulatta
SRX1383031	9.87366753	0.266327	0.273439461798092	0.163193019912136	0.185957058520209	53.3954903127686	16150	30246	71.6868294909838	15703	21905	22.8117201220076	4936	21638	0.05	9544	Macaca mulatta
SRX1383032	9.87366753	0.265981	0.273662851235417	0.159186315377111	0.181547074055539	54.2815578919527	16418	30246	72.6181237160466	15907	21905	23.4725945096589	5079	21638	0.05	9544	Macaca mulatta
SRX1383033	9.87366753	0.267415	0.275051434895905	0.167998189335282	0.191541637268245	53.7062752099451	16244	30246	71.9835653960283	15768	21905	23.1306035677974	5005	21638	0.05	9544	Macaca mulatta
SRX1383034	9.87366753	0.284813	0.292466445277279	0.178344431347948	0.202748342140417	54.1757587780202	16386	30246	72.6135585482766	15906	21905	22.964229596081	4969	21638	0.05	9544	Macaca mulatta
SRX1383035	9.87366753	0.272742	0.279778533858763	0.168631414431167	0.191378731569376	54.0005289955697	16333	30246	72.2803013010728	15833	21905	22.9503650984379	4966	21638	0.05	9544	Macaca mulatta
SRX1383036	9.87366753	0.277453	0.284571478875539	0.165102974592433	0.186883783276078	53.7195000991867	16248	30246	71.947044053869	15760	21905	22.7377761345781	4920	21638	0.05	9544	Macaca mulatta
SRX1383037	9.87366753	0.254718	0.261055528155955	0.151763634205289	0.171372039420988	54.0468161079151	16347	30246	72.2300844556037	15822	21905	22.8717996117941	4949	21638	0.05	9544	Macaca mulatta
SRX1383038	9.87366753	0.243325	0.249334996399347	0.149921672055778	0.169637502216823	53.8087681015672	16275	30246	72.1205204291258	15798	21905	23.1537110638691	5010	21638	0.05	9544	Macaca mulatta
SRX1383039	9.87366753	0.218791336	0.223440674091753	0.142251960178323	0.159783827699757	52.7970640745884	15969	30246	70.9518374800274	15542	21905	22.4512431832887	4858	21638	0.05	9544	Macaca mulatta
SRX1383040	9.87366753	0.239608	0.245455240304796	0.146143018022789	0.1649935504205	53.4351649804933	16162	30246	71.5727002967359	15678	21905	22.844070616508	4943	21638	0.05	9544	Macaca mulatta
SRX1383041	9.87366753	0.270822	0.277519845382325	0.162632411416453	0.183499529110965	53.5079018713218	16184	30246	71.6503081488245	15695	21905	22.5806451612903	4886	21638	0.05	9544	Macaca mulatta
SRX1383042	9.87366753	0.242158	0.248159511377655	0.151202420373355	0.171225023407375	54.0567347748463	16350	30246	72.376169824241	15854	21905	23.1398465662261	5007	21638	0.05	9544	Macaca mulatta
SRX1383043	9.87366753	0.270293	0.277320183298128	0.162684753377848	0.184670344460076	53.4516960920452	16167	30246	71.5727002967359	15678	21905	22.7516406322211	4923	21638	0.05	9544	Macaca mulatta
SRX1383044	9.87366753	0.251134	0.257606267723017	0.146754435488775	0.165462586289349	54.2815578919527	16418	30246	72.6135585482766	15906	21905	23.0751455772252	4993	21638	0.05	9544	Macaca mulatta
SRX1383045	9.87366753	0.274335	0.281452090745586	0.163413752774958	0.185361849739474	53.517820538253	16187	30246	71.7096553298334	15708	21905	22.7331546353637	4919	21638	0.05	9544	Macaca mulatta
SRX1383046	9.87366753	0.251638	0.257827683408392	0.150077336163277	0.168469955372234	54.5956490114395	16513	30246	72.8372517690025	15955	21905	23.0659025787966	4991	21638	0.05	9544	Macaca mulatta
SRX1383047	9.87366753	0.264145	0.270978494330174	0.160453613873789	0.182096702450309	53.4351649804933	16162	30246	71.6594384843643	15697	21905	22.830206118865	4940	21638	0.05	9544	Macaca mulatta
SRX1383048	9.87366753	0.289047	0.29688093941676	0.172014075203687	0.195473236423225	53.4054089796998	16153	30246	71.513353115727	15665	21905	22.7839911267215	4930	21638	0.05	9544	Macaca mulatta
SRX1383049	9.87366753	0.192309	0.196453155184237	0.136038580687926	0.152060407032036	53.4285525358725	16160	30246	71.7370463364529	15714	21905	22.4096496903596	4849	21638	0.05	9544	Macaca mulatta
SRX1383050	9.87366753	0.308464	0.317204572844214	0.18835286166085	0.21470747580778	54.1790650003306	16387	30246	72.4263866697101	15865	21905	23.3154635363712	5045	21638	0.05	9544	Macaca mulatta
SRX1383051	9.87366753	0.277536	0.284757374340834	0.172781427141241	0.196698686377128	54.7543476823382	16561	30246	73.4215932435517	16083	21905	23.5881319900176	5104	21638	0.05	9544	Macaca mulatta
SRX1383052	9.87366753	0.277205	0.284338987585704	0.163871487403037	0.185792051956265	53.3525094227336	16137	30246	71.6274823099749	15690	21905	22.201682225714	4804	21638	0.05	9544	Macaca mulatta
SRX1383053	9.87366753	0.257815	0.263969196374	0.156232022140804	0.176419463070067	53.9509356609138	16318	30246	72.2483451266834	15826	21905	22.2987337092153	4825	21638	0.05	9544	Macaca mulatta
SRX1383054	9.87366753	0.272255	0.27901852117948	0.159504308521583	0.1802634051441	54.122859221054	16370	30246	72.3989956630906	15859	21905	22.2802477123579	4821	21638	0.05	9544	Macaca mulatta
SRX1383055	9.87366753	0.197951	0.202308879807206	0.129797987896019	0.145607847379892	54.565893010646	16504	30246	72.9285551244008	15975	21905	22.9827155929383	4973	21638	0.05	9544	Macaca mulatta
SRX1383056	9.87366753	0.251325	0.257322784943962	0.150576795695807	0.169617517641599	54.2683330027111	16414	30246	72.5633417028076	15895	21905	22.6499676495055	4901	21638	0.05	9544	Macaca mulatta
SRX1383057	9.87366753	0.244811	0.250788199426923	0.148689736215123	0.168448676025371	53.9046485485684	16304	30246	72.161606939055	15807	21905	22.8533136149367	4945	21638	0.05	9544	Macaca mulatta
SRX1383058	9.87366753	0.268711	0.275293889480086	0.159167561840634	0.179898127968092	53.9509356609138	16318	30246	72.1707372745948	15809	21905	22.6222386542194	4895	21638	0.05	9544	Macaca mulatta
SRX1383059	9.87366753	0.266931	0.273373290576242	0.158960909171816	0.179288432454866	53.9873041063281	16329	30246	72.2529102944533	15827	21905	22.6869396432203	4909	21638	0.05	9544	Macaca mulatta
SRX1383060	9.87366753	0.272394	0.279078573130853	0.165063068645113	0.186463447034496	53.9740792170866	16325	30246	72.2437799589135	15825	21905	22.5482946667899	4879	21638	0.05	9544	Macaca mulatta
SRX1383061	9.87366753	0.260717	0.267022215681783	0.155413956613842	0.175014255740837	54.284864114263	16419	30246	72.5085596895686	15883	21905	22.7886126259359	4931	21638	0.05	9544	Macaca mulatta
SRX1383062	9.87366753	0.243184	0.248941102422572	0.144204195528162	0.161903069363301	54.4336441182305	16464	30246	72.755078749144	15937	21905	22.857935114151	4946	21638	0.05	9544	Macaca mulatta
SRX1383063	9.87366753	0.266082	0.272546389767712	0.156733603264805	0.176574560968906	54.5196058983006	16490	30246	72.7916000913034	15945	21905	23.0427950827248	4986	21638	0.05	9544	Macaca mulatta
SRX1383064	9.87366753	0.257887	0.264337786232207	0.155345137440652	0.175631139047981	54.0501223302255	16348	30246	72.2666057977631	15830	21905	23.0058230890101	4978	21638	0.05	9544	Macaca mulatta
SRX1383065	9.87366753	0.242532	0.248604309890046	0.14865249583534	0.167773585890717	54.5956490114395	16513	30246	72.9787719698699	15986	21905	23.246141048156	5030	21638	0.05	9544	Macaca mulatta
SRX1383066	9.87366753	0.260968	0.267812249446222	0.157213841972411	0.177722607403755	54.5890365668187	16511	30246	73.0107281442593	15993	21905	23.1028745725113	4999	21638	0.05	9544	Macaca mulatta
SRX1383067	9.87366753	0.294652	0.302990606116721	0.176724343173896	0.200006432052109	54.4237254512993	16461	30246	72.8281214334627	15953	21905	23.2738700434421	5036	21638	0.05	9544	Macaca mulatta
SRX1383068	9.87366753	0.219382	0.224633198419759	0.153796770961775	0.174780596475788	54.3972756728162	16453	30246	73.0609449897284	16004	21905	23.4263795175155	5069	21638	0.05	9544	Macaca mulatta
SRX1383069	9.87366753	0.294135	0.301703365315091	0.181517039316689	0.206599251014814	54.079878331019	16357	30246	72.4218215019402	15864	21905	22.6823181440059	4908	21638	0.05	9544	Macaca mulatta
SRX1383070	9.87366753	0.272752	0.279639114568154	0.167248738273531	0.189816319836344	54.0897969979501	16360	30246	72.3442136498516	15847	21905	22.7054256400776	4913	21638	0.05	9544	Macaca mulatta
SRX1383071	9.87366753	0.23122	0.236535419951316	0.146173796775161	0.164776429606158	54.4237254512993	16461	30246	72.8737731111618	15963	21905	23.1999260560126	5020	21638	0.05	9544	Macaca mulatta
SRX1383072	9.87366753	0.244892	0.250794608104034	0.153968692729213	0.174627924899967	53.9641605501554	16322	30246	72.2803013010728	15833	21905	22.9503650984379	4966	21638	0.05	9544	Macaca mulatta
SRX1383073	9.87366753	0.225482	0.230669266000866	0.141987913586558	0.160059704687808	54.3146201150565	16428	30246	72.6318192193563	15910	21905	23.0797670764396	4994	21638	0.05	9544	Macaca mulatta
SRX1383074	9.87366753	0.233138	0.238546256463813	0.145330944625676	0.163664987239122	54.3146201150565	16428	30246	72.5587765350377	15894	21905	22.9827155929383	4973	21638	0.05	9544	Macaca mulatta
SRX1383075	9.87366753	0.251655	0.257775809146927	0.157080483852638	0.178670138674114	53.134298750248	16071	30246	71.2211823784524	15601	21905	22.3957851927165	4846	21638	0.05	9544	Macaca mulatta
SRX1383076	9.87366753	0.238595	0.244370893971104	0.148841963015682	0.168709520286237	54.2881703365734	16420	30246	72.5268203606483	15887	21905	23.2646270450134	5034	21638	0.05	9544	Macaca mulatta
SRX1383077	9.87366753	0.234086	0.239482502621386	0.148246819819861	0.167410614967235	53.5971698737023	16211	30246	71.9242182150194	15755	21905	22.5390516683612	4877	21638	0.05	9544	Macaca mulatta
SRX1383078	9.87366753	0.226389	0.23167550099706	0.141052896814548	0.158770712812941	54.4105005620578	16457	30246	72.7459484136042	15935	21905	23.1721970607265	5014	21638	0.05	9544	Macaca mulatta
SRX1383079	9.87366753	0.250584	0.256783934790199	0.155142241148103	0.176025780995643	53.7195000991867	16248	30246	71.9926957315681	15770	21905	22.9041501062945	4956	21638	0.05	9544	Macaca mulatta
SRX1383080	9.87366753	0.206017	0.210931999577655	0.132661611386754	0.150075147404904	54.4964623421279	16483	30246	72.8418169367724	15956	21905	23.3200850355855	5046	21638	0.05	9544	Macaca mulatta
SRX1383081	9.87366753	0.237603	0.24324343917137	0.147383626558793	0.166166370204181	54.5096872313694	16487	30246	72.9011641177813	15969	21905	23.3385710324429	5050	21638	0.05	9544	Macaca mulatta
SRX1383082	9.87366753	0.218739	0.223782399414372	0.141926511757627	0.15971346231707	54.6055676783707	16516	30246	73.028988815339	15997	21905	23.11211757094	5001	21638	0.05	9544	Macaca mulatta
SRX1383083	9.87366753	0.20993	0.215096592602101	0.134675816810617	0.152090178330813	54.2088210011241	16396	30246	72.4355170052499	15867	21905	23.2923560402995	5040	21638	0.05	9544	Macaca mulatta
SRX1383084	9.87366753	0.24249804	0.248611438735599	0.155544051512523	0.176172148505171	54.1724525557098	16385	30246	72.5542113672678	15893	21905	23.0520380811535	4988	21638	0.05	9544	Macaca mulatta
SRX1383085	9.87366753	0.238313	0.244575112813471	0.14988216953645	0.168967504237471	54.9097401309264	16608	30246	73.3211595526136	16061	21905	23.3015990387282	5042	21638	0.05	9544	Macaca mulatta
SRX1383116	9.87366753	0.386094	0.398320249978693	0.212444062347423	0.2430865337779	55.068438801825	16656	30246	73.6544167998174	16134	21905	23.8192069507348	5154	21638	0.05	9544	Macaca mulatta
SRX1383117	9.87366753	0.39661	0.409430308252663	0.2097593354095	0.240503076300963	53.8781987700853	16296	30246	72.052042912577	15783	21905	22.4373786856456	4855	21638	0.05	9544	Macaca mulatta
SRX1383118	9.87366753	0.344413	0.354378687018223	0.191182385237628	0.21630909347968	50.4198902334193	15250	30246	68.1396941337594	14926	21905	20.8475829559109	4511	21638	0.05	9544	Macaca mulatta
SRX1383119	9.87366753	0.335429	0.345362479375248	0.185444845074227	0.210366573286671	50.6976129074919	15334	30246	68.4775165487332	15000	21905	21.1387374064146	4574	21638	0.05	9544	Macaca mulatta
SRX1383120	9.87366753	0.335796	0.345898260377486	0.182637941300493	0.207621591923483	51.7522978245057	15653	30246	69.7375028532299	15276	21905	21.8412052869951	4726	21638	0.05	9544	Macaca mulatta
SRX1383121	9.87366753	0.339563	0.349965829111106	0.184108827528197	0.20965023055113	52.7144085168287	15944	30246	70.8194476146998	15513	21905	22.3449487013587	4835	21638	0.05	9544	Macaca mulatta
SRX1383122	9.87366753	0.331336	0.340744998658465	0.191902712284712	0.217805189319397	48.4725252926007	14661	30246	65.5603743437571	14361	21905	20.2698955541178	4386	21638	0.05	9544	Macaca mulatta
SRX1383123	9.87366753	0.363212	0.374691152533858	0.201178259076474	0.229555153557517	51.7589102691265	15655	30246	69.7101118466104	15270	21905	21.9659857657824	4753	21638	0.05	9544	Macaca mulatta
SRX1383124	9.87366753	0.394579	0.407395354421952	0.216946495769268	0.248710439856199	52.7210209614494	15946	30246	70.8742296279388	15525	21905	22.5390516683612	4877	21638	0.05	9544	Macaca mulatta
SRX1383125	9.87366753	0.447372	0.463363977943798	0.243059335799458	0.282263913681564	54.3179263373669	16429	30246	72.4400821730199	15868	21905	23.380164525372	5059	21638	0.05	9544	Macaca mulatta
SRX1383126	9.87366753	0.421705	0.435568191627945	0.241376262084956	0.27747713537688	53.6632943199101	16231	30246	72.2118237845241	15818	21905	23.5927534892319	5105	21638	0.05	9544	Macaca mulatta
SRX1383127	9.87366753	0.553295	0.57415748736296	0.294415674789423	0.346740482141469	54.9097401309264	16608	30246	73.0472494864186	16001	21905	23.4910805065163	5083	21638	0.05	9544	Macaca mulatta
SRX1383128	9.87366753	0.466286	0.482679333898741	0.25177690230603	0.292237570503957	53.2533227534219	16107	30246	71.4311800958685	15647	21905	22.5991311581477	4890	21638	0.05	9544	Macaca mulatta
SRX1383129	9.87366753	0.571173	0.588478570667786	0.324875911154634	0.37182352823302	46.0457581167758	13927	30246	62.4697557635243	13684	21905	18.7401793141695	4055	21638	0.05	9544	Macaca mulatta
SRX1383130	9.87366753	0.484267	0.500232349776026	0.267545818025118	0.307238020578077	50.9720293592541	15417	30246	68.7103401049989	15051	21905	21.3004898789167	4609	21638	0.05	9544	Macaca mulatta
SRX1383131	9.87366753	0.48889	0.505703651426311	0.2688111470058	0.311422880325441	50.9654169146333	15415	30246	68.6555580917599	15039	21905	21.6424808207783	4683	21638	0.05	9544	Macaca mulatta
SRX1383132	9.87366753	0.460001	0.475318460351695	0.253329770604144	0.29132298368501	50.783574687562	15360	30246	68.5505592330518	15016	21905	21.4483778537758	4641	21638	0.05	9544	Macaca mulatta
SRX1383133	9.87366753	0.451427	0.466350264894106	0.242248044104196	0.277660108306709	51.4977187066058	15576	30246	69.3357680894773	15188	21905	21.7765042979943	4712	21638	0.05	9544	Macaca mulatta
SRX1383134	9.87366753	0.442351	0.458954018565405	0.249218753185728	0.291740820123203	51.5836804866759	15602	30246	69.4225062771057	15207	21905	22.5344301691469	4876	21638	0.05	9544	Macaca mulatta
SRX1383135	9.87366753	0.489771	0.507118790372081	0.27037791307385	0.312729797623959	50.8199431329763	15371	30246	68.4683862131933	14998	21905	22.2386542194288	4812	21638	0.05	9544	Macaca mulatta
SRX1383136	9.87366753	0.293241	0.302024576856966	0.192070859841761	0.220449055436762	50.562057792766	15293	30246	68.4044738644145	14984	21905	21.2404103891302	4596	21638	0.05	9544	Macaca mulatta
SRX1383137	9.87366753	0.384115	0.397102881141272	0.211103408717336	0.243538866927811	53.8054618792568	16274	30246	72.161606939055	15807	21905	22.5714021628616	4884	21638	0.05	9544	Macaca mulatta
SRX1383138	9.87366753	0.382449	0.393250413318199	0.219858516521246	0.248298552817458	50.1752297824506	15176	30246	67.8429582287149	14861	21905	20.514835012478	4439	21638	0.05	9544	Macaca mulatta
SRX1383139	9.87366753	0.364128	0.374524923179108	0.207953003761481	0.234998080715356	51.2332209217748	15496	30246	69.1440310431408	15146	21905	21.1710879009151	4581	21638	0.05	9544	Macaca mulatta
SRX1383140	9.87366753	0.350936	0.361593025954807	0.19361246448967	0.220577001418273	53.2533227534219	16107	30246	71.4722666057978	15656	21905	22.0306867547833	4767	21638	0.05	9544	Macaca mulatta
SRX1383141	9.87366753	0.3723	0.383786569327238	0.202744126540299	0.230521959757191	54.420419228989	16460	30246	72.6181237160466	15907	21905	22.3264627045013	4831	21638	0.05	9544	Macaca mulatta
SRX1383142	9.87366753	0.325086	0.334960251635798	0.181505835207627	0.206792892797433	52.12920716789	15767	30246	70.2624971467701	15391	21905	21.7071818097791	4697	21638	0.05	9544	Macaca mulatta
SRX1383143	9.87366753	0.356536	0.367301824488587	0.199125907415849	0.22653271895089	50.5488329035244	15289	30246	68.272083999087	14955	21905	21.3143543765598	4612	21638	0.05	9544	Macaca mulatta
SRX1383144	9.87366753	0.353367	0.364202891837003	0.198533543411706	0.225719225872113	52.0002644977848	15728	30246	70.0661949326638	15348	21905	21.7718827987799	4711	21638	0.05	9544	Macaca mulatta
SRX1383145	9.87366753	0.351245	0.361896766305427	0.204756633180033	0.232549896362326	49.6660715466508	15022	30246	67.2357909153161	14728	21905	20.9723634346982	4538	21638	0.05	9544	Macaca mulatta
SRX994819	9.87366753	0.348333	0.353211659830042	0.304110362871158	0.334115546890386	57.7960722078953	17481	30246	73.1385528418169	16021	21905	17.2058415750069	3723	21638	0.05	9544	Macaca mulatta
SRX994825	9.87366753	0.613481	0.622163562154996	0.474950029453581	0.519099860961782	51.9143027177147	15702	30246	65.7658068934033	14406	21905	12.4272113873741	2689	21638	0.05	9544	Macaca mulatta
SRX994847	9.87366753	0.311418	0.316846425160562	0.303166363667837	0.339965231213961	61.4031607485287	18572	30246	74.5126683405615	16322	21905	19.456511692393	4210	21638	0.05	9544	Macaca mulatta
SRX995288	9.87366753	0.476789	0.483174737208206	0.37985968338159	0.414005352219543	56.6917939562256	17147	30246	69.9109792284867	15314	21905	14.6547740086884	3171	21638	0.05	9544	Macaca mulatta
