2_73452_74626 2- 73452-74626	34.38
2_225376_229192 2+ 225376-229192	43.57
2_264990_268924 2+ 264990-268924	34.61
2_374884_390453 2+ 374884-390453	48.51
2_579009_581973 2- 579009-581973	34.37
2_821643_825579 2+ 821643-825579	48.97
2_863079_867463 2+ 863079-867463	44.86
2_1306051_1321377 2- 1306051-1321377	42.00
2_1557780_1559741 2- 1557780-1559741	36.09
2_1564369_1565456 2- 1564369-1565456	45.96
2_1823278_1824532 2- 1823278-1824532	37.93
2_1824615_1827066 2+ 1824615-1827066	34.99
2_1915102_1916747 2- 1915102-1916747	50.24
2_2390609_2407365 2+ 2390609-2407365	46.17
2_2679927_2681662 2+ 2679927-2681662	39.92
2_2683823_2685722 2+ 2683823-2685722	39.95
2_2696378_2697615 2- 2696378-2697615	49.68
2_2793124_2794833 2+ 2793124-2794833	48.83
2_3046029_3049659 2+ 3046029-3049659	41.12
2_3067240_3073436 2- 3067240-3073436	44.13
2_3138564_3144854 2- 3138564-3144854	34.29
2_3237425_3240928 2+ 3237425-3240928	30.34
2_3247356_3262416 2+ 3247356-3262416	42.49
2_3311343_3314001 2+ 3311343-3314001	43.96
2_3370303_3371638 2- 3370303-3371638	37.28
2_3417953_3423116 2- 3417953-3423116	46.20
2_3426222_3429544 2- 3426222-3429544	46.28
2_3501419_3502507 2+ 3501419-3502507	42.42
2_3502558_3521418 2- 3502558-3521418	44.13
2_3568059_3569955 2- 3568059-3569955	35.06
2_3711403_3727495 2+ 3711403-3727495	46.00
2_3867174_3871415 2+ 3867174-3871415	45.29
2_3879807_3882142 2- 3879807-3882142	39.64
2_4397372_4405790 2+ 4397372-4405790	46.19
2_4539447_4559446 2+ 4539447-4559446	50.92
2_4666334_4668423 2- 4666334-4668423	40.19
2_4766813_4768119 2- 4766813-4768119	33.13
2_4997837_4999420 2- 4997837-4999420	36.05
2_5006930_5009408 2+ 5006930-5009408	40.14
2_5145695_5156954 2+ 5145695-5156954	39.55
2_5297591_5298857 2- 5297591-5298857	35.04
2_5636137_5645187 2- 5636137-5645187	33.59
2_5675617_5677156 2+ 5675617-5677156	44.03
2_5736442_5737636 2- 5736442-5737636	40.59
2_5975423_5976975 2- 5975423-5976975	27.69
2_6009645_6016808 2+ 6009645-6016808	45.28
2_6470521_6471804 2+ 6470521-6471804	39.72
2_6508331_6517114 2- 6508331-6517114	43.99
2_6701376_6720736 2+ 6701376-6720736	40.14
2_6806358_6807879 2- 6806358-6807879	34.82
2_6915876_6917201 2+ 6915876-6917201	39.74
2_7448352_7449554 2- 7448352-7449554	32.25
2_7472137_7474767 2+ 7472137-7474767	46.03
2_7607383_7608898 2+ 7607383-7608898	35.49
2_7855964_7858148 2+ 7855964-7858148	32.27
2_7923772_7928238 2- 7923772-7928238	46.65
2_7941756_7957554 2+ 7941756-7957554	43.09
2_7959100_7960788 2+ 7959100-7960788	44.58
2_8324549_8325563 2- 8324549-8325563	35.57
2_8373901_8375385 2+ 8373901-8375385	34.14
2_8506308_8511901 2- 8506308-8511901	42.58
2_8746278_8758574 2- 8746278-8758574	43.66
2_8859755_8861527 2- 8859755-8861527	49.07
2_9038182_9041443 2- 9038182-9041443	34.79
2_9079194_9082294 2- 9079194-9082294	47.57
2_9605264_9606705 2+ 9605264-9606705	34.74
2_9657733_9659537 2+ 9657733-9659537	33.85
2_9837982_9839259 2- 9837982-9839259	38.58
2_9845089_9846396 2+ 9845089-9846396	34.79
2_10221821_10229409 2- 10221821-10229409	45.70
2_10446210_10460558 2- 10446210-10460558	46.60
2_10485921_10491228 2- 10485921-10491228	44.65
2_10651890_10654290 2+ 10651890-10654290	39.82
2_10836453_10841116 2+ 10836453-10841116	44.21
2_10875053_10878407 2+ 10875053-10878407	42.89
2_11052992_11060357 2+ 11052992-11060357	47.37
2_11208952_11213002 2+ 11208952-11213002	46.14
2_11511837_11516903 2+ 11511837-11516903	43.75
2_12357731_12361289 2- 12357731-12361289	41.05
2_12367858_12370134 2- 12367858-12370134	48.40
2_12641696_12644621 2- 12641696-12644621	38.76
2_12672646_12687964 2+ 12672646-12687964	45.58
2_12734334_12754333 2- 12734334-12754333	43.03
2_12781436_12784716 2+ 12781436-12784716	36.79
2_12901922_12905564 2+ 12901922-12905564	40.93
2_12975308_12976449 2- 12975308-12976449	37.57
2_13114130_13125898 2+ 13114130-13125898	43.75
2_13391350_13404879 2- 13391350-13404879	42.22
2_13907124_13908697 2+ 13907124-13908697	40.72
2_14034335_14040565 2+ 14034335-14040565	42.55
2_14120704_14123824 2- 14120704-14123824	39.63
2_14216274_14217715 2+ 14216274-14217715	38.14
2_14301871_14305314 2- 14301871-14305314	43.52
2_14324430_14326567 2- 14324430-14326567	40.22
2_14339305_14342037 2- 14339305-14342037	44.82
2_14345763_14346887 2+ 14345763-14346887	33.78
2_14594873_14595940 2+ 14594873-14595940	35.11
2_14600413_14602719 2- 14600413-14602719	38.27
2_14754846_14763527 2- 14754846-14763527	41.04
2_14866516_14867868 2+ 14866516-14867868	41.61
2_14870974_14877635 2+ 14870974-14877635	40.26
2_14988416_14995817 2+ 14988416-14995817	35.53
2_15263672_15265130 2+ 15263672-15265130	50.65
2_15268572_15269993 2+ 15268572-15269993	36.92
2_15271771_15274651 2- 15271771-15274651	35.86
2_15282821_15284568 2+ 15282821-15284568	35.35
2_15329078_15337875 2+ 15329078-15337875	46.54
2_15359707_15366914 2- 15359707-15366914	41.58
2_15368488_15377641 2+ 15368488-15377641	43.27
2_15570989_15590988 2+ 15570989-15590988	45.29
2_15844329_15864328 2- 15844329-15864328	45.92
2_15868357_15876772 2- 15868357-15876772	45.26
2_15932049_15952048 2+ 15932049-15952048	44.73
2_15967048_15976601 2+ 15967048-15976601	43.24
2_16000256_16005046 2- 16000256-16005046	45.84
2_16110833_16112909 2+ 16110833-16112909	37.89
2_16130904_16134673 2+ 16130904-16134673	34.69
2_16252078_16266986 2+ 16252078-16266986	43.46
2_16409770_16412218 2- 16409770-16412218	35.77
2_16533469_16534620 2- 16533469-16534620	36.46
2_16577558_16582527 2+ 16577558-16582527	43.24
2_16705754_16707310 2+ 16705754-16707310	34.10
2_16716581_16727260 2+ 16716581-16727260	44.72
2_16881048_16888554 2- 16881048-16888554	42.56
2_16928883_16930265 2- 16928883-16930265	34.20
2_16943550_16945199 2+ 16943550-16945199	33.64
2_17090749_17098720 2+ 17090749-17098720	42.27
2_17208809_17210295 2- 17208809-17210295	46.40
2_17228181_17229600 2- 17228181-17229600	34.01
2_17232911_17238759 2+ 17232911-17238759	42.23
2_17283538_17296158 2+ 17283538-17296158	39.93
2_17352938_17354550 2+ 17352938-17354550	34.78
2_17475739_17476850 2+ 17475739-17476850	37.95
2_17827025_17828196 2- 17827025-17828196	37.12
2_17895895_17900586 2- 17895895-17900586	38.81
2_17971556_17973033 2+ 17971556-17973033	41.95
2_18030067_18031167 2+ 18030067-18031167	46.78
2_18225490_18227322 2+ 18225490-18227322	37.81
2_18245218_18247404 2- 18245218-18247404	39.23
2_18252186_18255347 2+ 18252186-18255347	36.72
2_18257287_18258935 2- 18257287-18258935	47.54
2_18278090_18280790 2+ 18278090-18280790	44.32
2_18431940_18433300 2+ 18431940-18433300	39.82
2_18522523_18535572 2- 18522523-18535572	42.36
2_18589590_18596344 2- 18589590-18596344	34.91
2_18649918_18652426 2- 18649918-18652426	28.90
2_18715507_18718621 2+ 18715507-18718621	37.91
2_18942643_18951577 2+ 18942643-18951577	42.99
2_19187743_19188926 2- 19187743-19188926	34.38
2_19238827_19239831 2- 19238827-19239831	40.60
2_19671976_19688517 2+ 19671976-19688517	45.19
2_19806714_19807919 2+ 19806714-19807919	39.14
2_19877673_19882316 2- 19877673-19882316	40.63
2_19952713_19960891 2+ 19952713-19960891	44.68
2_20051868_20054513 2- 20051868-20054513	39.80
2_20217874_20219516 2+ 20217874-20219516	32.74
2_20458068_20459957 2+ 20458068-20459957	49.10
2_20701813_20711896 2- 20701813-20711896	40.13
2_20742350_20762349 2+ 20742350-20762349	41.11
2_20792220_20811314 2- 20792220-20811314	42.41
2_21044276_21046522 2- 21044276-21046522	34.22
2_21064634_21076500 2- 21064634-21076500	38.84
2_21621111_21623909 2+ 21621111-21623909	42.44
2_21708915_21712190 2- 21708915-21712190	36.39
2_22209733_22213545 2+ 22209733-22213545	34.78
2_22425828_22428925 2+ 22425828-22428925	44.16
2_22500118_22503536 2- 22500118-22503536	35.80
2_22535461_22536587 2+ 22535461-22536587	42.24
2_22548501_22549800 2- 22548501-22549800	39.69
2_22726421_22734873 2+ 22726421-22734873	42.92
2_22869874_22873711 2- 22869874-22873711	34.45
2_23012354_23013955 2+ 23012354-23013955	43.70
2_23025061_23027905 2+ 23025061-23027905	38.77
2_23405246_23408507 2+ 23405246-23408507	31.30
2_23433009_23443832 2- 23433009-23443832	40.52
2_23790274_23792642 2+ 23790274-23792642	36.43
2_23794841_23798620 2+ 23794841-23798620	34.31
2_23833774_23850502 2+ 23833774-23850502	40.26
2_23873757_23875992 2- 23873757-23875992	36.54
2_24041009_24042381 2- 24041009-24042381	34.52
2_24046255_24053394 2+ 24046255-24053394	48.01
2_24066970_24069226 2+ 24066970-24069226	33.76
2_24188398_24191719 2- 24188398-24191719	31.88
2_24253165_24254328 2+ 24253165-24254328	43.13
2_24467363_24471657 2- 24467363-24471657	35.69
2_24471728_24479922 2+ 24471728-24479922	39.96
2_24482610_24486987 2- 24482610-24486987	40.20
2_24502384_24519637 2- 24502384-24519637	50.92
2_24552568_24556852 2- 24552568-24556852	35.64
2_24558418_24561509 2- 24558418-24561509	39.33
2_24578731_24592863 2+ 24578731-24592863	40.38
2_24596444_24598730 2+ 24596444-24598730	45.30
2_24644917_24652928 2- 24644917-24652928	42.96
2_24727028_24728797 2- 24727028-24728797	38.36
2_24752535_24753850 2+ 24752535-24753850	34.35
2_24817806_24819678 2+ 24817806-24819678	45.70
2_24892792_24894334 2- 24892792-24894334	34.02
2_25141626_25142679 2- 25141626-25142679	36.53
2_25189392_25191278 2+ 25189392-25191278	33.28
2_25193485_25203103 2- 25193485-25203103	44.83
2_25251727_25257271 2- 25251727-25257271	43.81
2_25265998_25269647 2- 25265998-25269647	44.27
2_25287407_25289264 2+ 25287407-25289264	37.46
2_25295850_25298247 2- 25295850-25298247	37.70
2_25567514_25571620 2- 25567514-25571620	41.86
2_25739310_25740642 2- 25739310-25740642	42.46
2_25901316_25902385 2+ 25901316-25902385	37.38
2_25961976_25967029 2+ 25961976-25967029	46.10
2_26061262_26070460 2+ 26061262-26070460	44.62
2_26138856_26156952 2- 26138856-26156952	48.09
2_26161601_26164084 2+ 26161601-26164084	45.01
2_26363949_26367052 2- 26363949-26367052	44.20
2_26375909_26381072 2+ 26375909-26381072	45.99
2_26455865_26457463 2+ 26455865-26457463	35.08
2_26474265_26487001 2+ 26474265-26487001	39.95
2_26556265_26568324 2- 26556265-26568324	44.50
2_26608323_26628322 2+ 26608323-26628322	43.17
2_26716995_26727951 2- 26716995-26727951	41.36
2_26790422_26806883 2- 26790422-26806883	40.59
2_26962813_26970204 2- 26962813-26970204	43.72
2_26976951_26978403 2- 26976951-26978403	43.91
2_27105658_27108159 2- 27105658-27108159	29.66
2_27311186_27317859 2+ 27311186-27317859	37.52
2_27574442_27576966 2+ 27574442-27576966	31.09
2_27851158_27868030 2+ 27851158-27868030	39.13
2_27953553_27956061 2+ 27953553-27956061	39.58
2_28141354_28146510 2+ 28141354-28146510	38.51
2_28766662_28771979 2- 28766662-28771979	38.77
2_28914252_28919965 2- 28914252-28919965	27.86
2_29129648_29131206 2- 29129648-29131206	31.43
2_29206406_29222738 2+ 29206406-29222738	39.14
2_29506146_29507650 2+ 29506146-29507650	37.61
2_29568399_29576546 2- 29568399-29576546	42.37
2_29591664_29604733 2+ 29591664-29604733	39.79
2_29713019_29714534 2+ 29713019-29714534	37.86
2_29996902_29997910 2+ 29996902-29997910	42.32
2_30025412_30043409 2- 30025412-30043409	43.18
2_30060592_30070137 2+ 30060592-30070137	45.55
2_30135748_30137728 2- 30135748-30137728	32.41
2_30230885_30234443 2- 30230885-30234443	39.67
2_30403299_30405497 2+ 30403299-30405497	44.75
2_30617228_30626157 2+ 30617228-30626157	39.00
2_30694883_30699266 2+ 30694883-30699266	38.69
2_30737552_30739445 2+ 30737552-30739445	28.51
2_30757098_30764250 2- 30757098-30764250	42.18
4_71656_72828 4- 71656-72828	31.63
4_265197_266633 4- 265197-266633	43.35
4_270577_271684 4- 270577-271684	31.41
4_322684_327545 4+ 322684-327545	39.24
4_355875_358606 4- 355875-358606	44.29
4_360155_361257 4- 360155-361257	36.54
4_382088_383192 4+ 382088-383192	27.87
4_626516_628876 4- 626516-628876	29.61
4_967452_968917 4+ 967452-968917	35.88
4_1007683_1009114 4- 1007683-1009114	37.92
4_1026316_1028900 4+ 1026316-1028900	37.18
4_1079355_1080858 4- 1079355-1080858	37.50
4_1463837_1469537 4+ 1463837-1469537	45.96
4_1487217_1494232 4- 1487217-1494232	44.78
4_1590765_1592563 4- 1590765-1592563	39.24
4_1845295_1846477 4+ 1845295-1846477	31.78
4_1992807_1994219 4+ 1992807-1994219	51.31
4_2043462_2048975 4+ 2043462-2048975	41.20
4_2161452_2167037 4- 2161452-2167037	42.39
4_2220648_2222870 4+ 2220648-2222870	44.04
4_2256007_2276006 4+ 2256007-2276006	39.54
4_2595050_2596702 4+ 2595050-2596702	28.19
4_2621012_2627536 4- 2621012-2627536	41.64
4_2672005_2682106 4+ 2672005-2682106	39.36
4_2766643_2769014 4- 2766643-2769014	39.63
4_2821883_2823910 4+ 2821883-2823910	46.01
4_2830981_2832115 4+ 2830981-2832115	43.61
4_2953804_2967244 4+ 2953804-2967244	39.52
4_3007536_3018862 4+ 3007536-3018862	39.43
4_3332302_3350752 4+ 3332302-3350752	42.00
4_3554969_3556901 4- 3554969-3556901	35.85
4_3587461_3590013 4- 3587461-3590013	34.23
4_3704465_3706017 4- 3704465-3706017	39.67
4_3710460_3712673 4- 3710460-3712673	43.32
4_3719866_3721243 4+ 3719866-3721243	35.12
4_3838203_3840106 4- 3838203-3840106	29.99
4_3870097_3871520 4- 3870097-3871520	41.50
4_4021854_4036380 4- 4021854-4036380	40.82
4_4050010_4053567 4- 4050010-4053567	43.03
4_4122826_4125363 4+ 4122826-4125363	52.29
4_4183301_4185363 4+ 4183301-4185363	44.93
4_4194951_4200410 4- 4194951-4200410	36.56
4_4422831_4425546 4+ 4422831-4425546	31.92
4_4512052_4513949 4- 4512052-4513949	35.77
4_4761642_4777851 4- 4761642-4777851	42.86
4_5230547_5235593 4+ 5230547-5235593	25.44
3_17328_19162 3+ 17328-19162	38.42
3_98187_104446 3+ 98187-104446	42.67
3_251366_256951 3+ 251366-256951	36.52
3_359381_360543 3- 359381-360543	35.68
3_380985_383180 3- 380985-383180	41.17
3_420337_425875 3+ 420337-425875	41.47
3_430362_439047 3- 430362-439047	40.96
3_605284_610510 3+ 605284-610510	45.17
3_698462_708168 3+ 698462-708168	46.88
3_786071_789373 3+ 786071-789373	41.24
3_808813_810295 3- 808813-810295	50.64
3_871156_875464 3+ 871156-875464	41.19
3_919262_921344 3+ 919262-921344	35.33
3_973262_975786 3+ 973262-975786	37.31
3_1032038_1033190 3- 1032038-1033190	36.08
3_1239764_1242520 3+ 1239764-1242520	42.69
3_1419034_1423114 3+ 1419034-1423114	43.96
3_1471665_1478028 3+ 1471665-1478028	41.06
3_1576227_1580764 3- 1576227-1580764	37.88
3_1629156_1631164 3+ 1629156-1631164	37.63
3_1692301_1694708 3- 1692301-1694708	47.72
3_1807822_1812053 3- 1807822-1812053	37.50
3_1824976_1827494 3+ 1824976-1827494	51.09
3_1836467_1838905 3- 1836467-1838905	42.97
3_1849513_1850968 3+ 1849513-1850968	35.23
3_1966821_1968161 3+ 1966821-1968161	42.43
3_2023820_2025086 3- 2023820-2025086	35.99
3_2132484_2134952 3+ 2132484-2134952	47.67
3_2151085_2171084 3- 2151085-2171084	45.47
3_2265559_2266881 3- 2265559-2266881	40.21
3_2577834_2579215 3+ 2577834-2579215	35.17
3_2581051_2584614 3+ 2581051-2584614	39.67
3_2634849_2638504 3+ 2634849-2638504	38.13
3_2727218_2731902 3+ 2727218-2731902	44.08
3_2733024_2735321 3- 2733024-2735321	44.52
3_2854589_2858687 3- 2854589-2858687	34.69
3_3059827_3063113 3- 3059827-3063113	45.12
3_3088468_3108467 3- 3088468-3108467	46.02
3_3111196_3119742 3- 3111196-3119742	45.95
3_3122637_3125980 3- 3122637-3125980	37.32
3_3291771_3293646 3- 3291771-3293646	38.22
3_3330881_3332187 3+ 3330881-3332187	42.08
3_3414466_3416420 3+ 3414466-3416420	33.20
3_3489467_3493098 3- 3489467-3493098	43.01
3_3675772_3677801 3- 3675772-3677801	36.21
3_3720299_3721333 3+ 3720299-3721333	38.65
3_3793607_3795072 3- 3793607-3795072	45.57
3_3938077_3941660 3- 3938077-3941660	42.16
3_4042841_4053821 3+ 4042841-4053821	48.00
3_4168389_4172436 3+ 4168389-4172436	38.56
3_4184581_4186551 3+ 4184581-4186551	31.71
3_4401466_4405492 3- 4401466-4405492	44.45
3_4522553_4525360 3- 4522553-4525360	41.10
3_4534287_4546709 3- 4534287-4546709	42.53
3_4618185_4638184 3+ 4618185-4638184	47.40
3_4670219_4690218 3- 4670219-4690218	47.73
3_4724081_4726364 3- 4724081-4726364	43.30
3_4758476_4761956 3- 4758476-4761956	39.24
3_4852877_4855024 3- 4852877-4855024	37.01
3_4983809_4985132 3+ 4983809-4985132	35.65
3_5115570_5122646 3- 5115570-5122646	40.77
3_5176733_5178714 3- 5176733-5178714	42.84
3_5288523_5295299 3+ 5288523-5295299	44.03
3_5407010_5412102 3- 5407010-5412102	44.57
3_5417368_5421225 3- 5417368-5421225	45.36
3_5925082_5934315 3- 5925082-5934315	46.94
3_6409831_6412450 3- 6409831-6412450	40.19
3_6473703_6475738 3- 6473703-6475738	33.35
3_6863583_6865611 3- 6863583-6865611	39.53
3_6926318_6932943 3- 6926318-6932943	42.08
3_7360406_7361899 3- 7360406-7361899	34.40
3_7407708_7413084 3+ 7407708-7413084	47.09
3_7822784_7826209 3+ 7822784-7826209	42.64
3_7886304_7897998 3- 7886304-7897998	38.60
3_7922554_7926451 3- 7922554-7926451	45.72
3_8021691_8027122 3- 8021691-8027122	45.88
3_8127167_8134266 3+ 8127167-8134266	41.56
3_8146706_8149273 3- 8146706-8149273	31.70
3_8223361_8224836 3- 8223361-8224836	33.47
3_8907973_8910184 3+ 8907973-8910184	35.04
3_9068698_9069723 3+ 9068698-9069723	49.03
3_9076265_9081500 3+ 9076265-9081500	43.83
3_9228148_9235893 3+ 9228148-9235893	45.37
3_9239988_9242378 3+ 9239988-9242378	47.51
3_9261064_9263081 3+ 9261064-9263081	36.08
3_9267103_9268186 3- 9267103-9268186	49.08
3_9392799_9397683 3+ 9392799-9397683	44.44
3_9399687_9408530 3+ 9399687-9408530	41.77
3_9437129_9438193 3- 9437129-9438193	33.71
3_9603557_9605515 3- 9603557-9605515	33.79
3_9749421_9755199 3+ 9749421-9755199	48.80
3_9782470_9784755 3- 9782470-9784755	44.75
3_9785393_9788087 3+ 9785393-9788087	38.00
3_9820241_9822363 3- 9820241-9822363	40.74
3_9841541_9852937 3+ 9841541-9852937	47.55
3_9863018_9864959 3- 9863018-9864959	45.52
3_10055260_10065468 3+ 10055260-10065468	46.83
3_10301398_10307715 3+ 10301398-10307715	44.16
3_10442828_10462827 3- 10442828-10462827	43.16
3_10490568_10504112 3+ 10490568-10504112	44.02
3_10505648_10508269 3- 10505648-10508269	41.38
3_10756181_10776180 3+ 10756181-10776180	47.20
3_11521718_11524631 3+ 11521718-11524631	42.93
3_11840215_11841297 3+ 11840215-11841297	44.14
3_11923284_11943283 3+ 11923284-11943283	45.13
3_12090530_12096152 3- 12090530-12096152	40.05
3_12380389_12383596 3+ 12380389-12383596	32.73
3_12402048_12405572 3+ 12402048-12405572	35.66
3_12413782_12415290 3- 12413782-12415290	36.65
3_12519437_12520790 3+ 12519437-12520790	42.84
3_12532752_12548817 3- 12532752-12548817	37.93
3_12651851_12655522 3- 12651851-12655522	44.04
3_12737330_12744910 3- 12737330-12744910	46.52
3_12773224_12775421 3- 12773224-12775421	43.68
3_12900868_12918229 3- 12900868-12918229	45.62
3_12923809_12925696 3+ 12923809-12925696	44.17
3_12937583_12957582 3+ 12937583-12957582	46.86
3_13102082_13107815 3- 13102082-13107815	45.34
3_13241019_13261018 3- 13241019-13261018	44.52
3_13323836_13325033 3- 13323836-13325033	30.72
3_13750123_13752074 3- 13750123-13752074	39.86
3_13951735_13954890 3+ 13951735-13954890	44.17
3_13990023_13992798 3+ 13990023-13992798	43.44
3_14394602_14397331 3+ 14394602-14397331	42.97
3_14436691_14442051 3+ 14436691-14442051	49.26
3_14654363_14662521 3- 14654363-14662521	46.68
3_14665887_14666999 3- 14665887-14666999	38.27
3_14822141_14833171 3- 14822141-14833171	43.25
3_14938398_14940287 3+ 14938398-14940287	44.13
3_14959098_14967435 3+ 14959098-14967435	44.94
3_15093171_15113170 3+ 15093171-15113170	45.50
3_15170189_15171329 3+ 15170189-15171329	42.77
3_15218868_15221077 3+ 15218868-15221077	45.07
3_15265911_15267458 3+ 15265911-15267458	43.93
3_15403176_15412769 3- 15403176-15412769	44.64
3_15504902_15515140 3- 15504902-15515140	44.34
3_15543938_15545346 3- 15543938-15545346	39.74
3_15798614_15799635 3+ 15798614-15799635	30.63
3_15845737_15848491 3- 15845737-15848491	36.04
3_15882521_15887192 3+ 15882521-15887192	43.88
3_15888255_15892187 3- 15888255-15892187	46.33
3_15897416_15900413 3- 15897416-15900413	44.53
3_15966734_15969371 3+ 15966734-15969371	46.36
3_16042583_16045187 3- 16042583-16045187	39.12
3_16253906_16255275 3+ 16253906-16255275	31.90
3_16300876_16303616 3+ 16300876-16303616	44.84
3_16500101_16501892 3+ 16500101-16501892	35.10
3_16606340_16608117 3- 16606340-16608117	50.06
3_16622377_16623820 3- 16622377-16623820	45.01
3_16663071_16683070 3- 16663071-16683070	48.30
3_16824280_16838621 3- 16824280-16838621	42.64
3_16965043_16967683 3+ 16965043-16967683	43.28
3_17177463_17179498 3+ 17177463-17179498	46.61
3_17535307_17536326 3+ 17535307-17536326	34.80
3_17598007_17600199 3- 17598007-17600199	39.90
3_17615530_17616966 3+ 17615530-17616966	39.39
3_17803928_17805130 3+ 17803928-17805130	42.31
3_17895317_17899672 3- 17895317-17899672	32.97
3_18030989_18042016 3+ 18030989-18042016	44.26
3_18047883_18050298 3- 18047883-18050298	45.20
3_18088390_18090531 3- 18088390-18090531	40.99
3_18198417_18208877 3+ 18198417-18208877	48.23
3_18219544_18221441 3- 18219544-18221441	42.10
3_18237986_18239234 3+ 18237986-18239234	38.99
3_18242775_18244227 3+ 18242775-18244227	41.16
3_18288760_18290233 3- 18288760-18290233	44.91
3_18577934_18585179 3- 18577934-18585179	40.20
3_18653604_18655254 3+ 18653604-18655254	41.07
3_18874421_18880467 3+ 18874421-18880467	44.75
3_18976379_18977603 3- 18976379-18977603	41.71
3_19047641_19049017 3+ 19047641-19049017	40.45
3_19090285_19103717 3+ 19090285-19103717	47.20
3_19168365_19171273 3- 19168365-19171273	39.94
3_19220080_19224029 3+ 19220080-19224029	31.65
3_19451589_19453095 3- 19451589-19453095	37.69
3_19587661_19605408 3+ 19587661-19605408	46.75
3_19764442_19779919 3+ 19764442-19779919	49.32
XR_12053_14520 XR- 12053-14520	39.79
XR_39127_40166 XR- 39127-40166	33.27
XR_115474_117548 XR- 115474-117548	48.58
XR_195397_197159 XR+ 195397-197159	31.25
XR_212094_213860 XR+ 212094-213860	33.28
XR_229235_233303 XR+ 229235-233303	46.55
XR_533313_534580 XR+ 533313-534580	50.55
XR_627258_629187 XR+ 627258-629187	41.71
XR_793374_801534 XR+ 793374-801534	32.99
XR_838403_844018 XR+ 838403-844018	44.52
XR_846540_850957 XR- 846540-850957	41.20
XR_854025_867489 XR+ 854025-867489	47.21
XR_1404404_1405609 XR+ 1404404-1405609	36.90
XR_1447402_1448476 XR- 1447402-1448476	42.33
XL_2941_22940 XL- 2941-22940	41.23
XL_174632_186092 XL- 174632-186092	42.18
XL_232487_233875 XL- 232487-233875	30.31
XL_447422_451459 XL- 447422-451459	52.60
XL_494331_498082 XL+ 494331-498082	33.96
XL_737312_740467 XL+ 737312-740467	39.26
XL_778565_786044 XL- 778565-786044	37.39
XL_1166524_1172365 XL+ 1166524-1172365	44.90
XL_1254936_1261210 XL- 1254936-1261210	44.10
XL_1356384_1365471 XL+ 1356384-1365471	43.09
XL_1369194_1372034 XL+ 1369194-1372034	35.06
XL_1584985_1588439 XL- 1584985-1588439	33.55
XL_1603443_1616629 XL- 1603443-1616629	38.86
XL_1632630_1633946 XL+ 1632630-1633946	34.55
XL_1796398_1799096 XL+ 1796398-1799096	32.64
XL_1847250_1850358 XL+ 1847250-1850358	35.09
XL_1877526_1879015 XL+ 1877526-1879015	45.64
XL_1893990_1900899 XL- 1893990-1900899	55.47
XL_1914690_1924542 XL- 1914690-1924542	36.34
XL_2002234_2003511 XL- 2002234-2003511	39.44
XL_2286813_2306812 XL+ 2286813-2306812	45.29
XL_2362813_2375287 XL+ 2362813-2375287	42.78
XL_2467852_2469400 XL- 2467852-2469400	40.99
XL_2683541_2685747 XL+ 2683541-2685747	37.11
XR_group6_261821_264416 XR_group6- 261821-264416	41.26
XR_group6_763682_765791 XR_group6+ 763682-765791	43.93
XR_group6_961072_967989 XR_group6+ 961072-967989	45.52
XR_group6_987889_989244 XR_group6+ 987889-989244	39.97
XR_group6_1078317_1081352 XR_group6+ 1078317-1081352	39.39
XR_group6_1353606_1355474 XR_group6+ 1353606-1355474	48.74
XR_group6_1362805_1364319 XR_group6+ 1362805-1364319	35.12
XR_group6_1510125_1511928 XR_group6+ 1510125-1511928	46.90
XR_group6_2214158_2217808 XR_group6+ 2214158-2217808	33.31
XR_group6_2312674_2315204 XR_group6- 2312674-2315204	39.94
XR_group6_2736496_2737738 XR_group6- 2736496-2737738	41.59
XR_group6_3050338_3060550 XR_group6+ 3050338-3060550	45.98
XR_group6_3062330_3082329 XR_group6+ 3062330-3082329	46.61
XR_group6_3096310_3101879 XR_group6+ 3096310-3101879	35.42
XR_group6_3105118_3106867 XR_group6- 3105118-3106867	42.06
XR_group6_3160576_3165640 XR_group6+ 3160576-3165640	43.38
XR_group6_3208855_3214298 XR_group6+ 3208855-3214298	47.47
XR_group6_3218437_3238436 XR_group6- 3218437-3238436	48.48
XR_group6_3249810_3251662 XR_group6+ 3249810-3251662	36.86
XR_group6_3594719_3601674 XR_group6+ 3594719-3601674	40.44
XR_group6_3650774_3652686 XR_group6+ 3650774-3652686	31.83
XR_group6_3694704_3697117 XR_group6- 3694704-3697117	38.69
XR_group6_3842576_3844101 XR_group6+ 3842576-3844101	40.83
XR_group6_3848439_3849527 XR_group6- 3848439-3849527	35.45
XR_group6_3858654_3862195 XR_group6- 3858654-3862195	42.21
XR_group6_3906895_3908886 XR_group6+ 3906895-3908886	38.91
XR_group6_4170275_4172082 XR_group6- 4170275-4172082	39.33
XR_group6_4216399_4217962 XR_group6+ 4216399-4217962	32.03
XR_group6_4273659_4280673 XR_group6- 4273659-4280673	41.41
XR_group6_4400371_4410674 XR_group6+ 4400371-4410674	42.10
XR_group6_4603302_4623301 XR_group6- 4603302-4623301	41.86
XR_group6_4707789_4709659 XR_group6- 4707789-4709659	46.02
XR_group6_4901387_4905246 XR_group6- 4901387-4905246	40.47
XR_group6_5172951_5183046 XR_group6- 5172951-5183046	34.91
XR_group6_5291458_5292543 XR_group6- 5291458-5292543	40.33
XR_group6_5336497_5346243 XR_group6- 5336497-5346243	50.13
XR_group6_5384344_5404343 XR_group6- 5384344-5404343	41.30
XR_group6_5652943_5659167 XR_group6+ 5652943-5659167	47.98
XR_group6_5737914_5743820 XR_group6+ 5737914-5743820	41.37
XR_group6_5816474_5818387 XR_group6+ 5816474-5818387	32.45
XR_group6_5941390_5943056 XR_group6- 5941390-5943056	42.59
XR_group6_5964391_5965651 XR_group6- 5964391-5965651	40.29
XR_group6_6507309_6512129 XR_group6+ 6507309-6512129	48.75
XR_group6_6622484_6623632 XR_group6+ 6622484-6623632	34.12
XR_group6_6626435_6628189 XR_group6- 6626435-6628189	51.51
XR_group6_7329984_7335529 XR_group6- 7329984-7335529	38.59
XR_group6_7395019_7401805 XR_group6- 7395019-7401805	36.17
XR_group6_7596749_7602655 XR_group6- 7596749-7602655	40.49
XR_group6_7737795_7757794 XR_group6+ 7737795-7757794	43.71
XR_group6_7898657_7904141 XR_group6+ 7898657-7904141	34.59
XR_group6_8006764_8008984 XR_group6- 8006764-8008984	30.89
XR_group6_8098678_8100431 XR_group6- 8098678-8100431	38.31
XR_group6_8537062_8540348 XR_group6- 8537062-8540348	47.09
XR_group6_8766056_8770430 XR_group6- 8766056-8770430	45.62
XR_group6_8879378_8894078 XR_group6- 8879378-8894078	43.89
XR_group6_9140205_9141824 XR_group6+ 9140205-9141824	34.69
XR_group6_9188336_9190594 XR_group6+ 9188336-9190594	41.74
XR_group6_9192383_9204769 XR_group6- 9192383-9204769	39.87
XR_group6_9297672_9302784 XR_group6- 9297672-9302784	43.38
XR_group6_9315477_9319900 XR_group6- 9315477-9319900	30.27
XR_group6_9527796_9532045 XR_group6- 9527796-9532045	33.25
XR_group6_9571023_9572173 XR_group6+ 9571023-9572173	41.18
XR_group6_9841196_9842509 XR_group6- 9841196-9842509	38.36
XR_group6_9915074_9923615 XR_group6- 9915074-9923615	43.00
XR_group6_10188429_10189760 XR_group6- 10188429-10189760	35.36
XR_group6_10295135_10298387 XR_group6- 10295135-10298387	45.22
XR_group6_10312252_10326288 XR_group6+ 10312252-10326288	49.03
XR_group6_10332789_10352788 XR_group6- 10332789-10352788	47.35
XR_group6_10405635_10413971 XR_group6+ 10405635-10413971	44.52
XR_group6_10417728_10433300 XR_group6- 10417728-10433300	46.02
XR_group6_10460756_10467425 XR_group6+ 10460756-10467425	42.85
XR_group6_10650383_10653919 XR_group6+ 10650383-10653919	39.47
XR_group6_10677884_10682661 XR_group6- 10677884-10682661	43.99
XR_group6_10727612_10728821 XR_group6- 10727612-10728821	41.74
XR_group6_10815443_10821135 XR_group6- 10815443-10821135	36.64
XR_group6_10911578_10915595 XR_group6+ 10911578-10915595	45.17
XR_group6_11346315_11366186 XR_group6- 11346315-11366186	46.93
XR_group6_11369855_11370902 XR_group6- 11369855-11370902	48.00
XR_group6_11384265_11392736 XR_group6- 11384265-11392736	45.81
XR_group6_11480054_11481195 XR_group6- 11480054-11481195	42.38
XR_group6_11488578_11492323 XR_group6+ 11488578-11492323	42.50
XR_group6_11618426_11623526 XR_group6+ 11618426-11623526	44.66
XR_group6_11666633_11667692 XR_group6- 11666633-11667692	44.81
XR_group6_11712173_11716706 XR_group6+ 11712173-11716706	46.49
XR_group6_11716869_11718603 XR_group6- 11716869-11718603	49.51
XR_group6_11783508_11785256 XR_group6+ 11783508-11785256	44.48
XR_group6_11901333_11907514 XR_group6- 11901333-11907514	47.07
XR_group6_12444179_12453746 XR_group6+ 12444179-12453746	45.61
XR_group6_12565034_12566231 XR_group6- 12565034-12566231	34.56
XR_group6_12638123_12639454 XR_group6- 12638123-12639454	32.36
XR_group6_12671877_12673119 XR_group6- 12671877-12673119	40.47
XR_group6_12721494_12728762 XR_group6+ 12721494-12728762	43.32
XR_group6_12913549_12915517 XR_group6- 12913549-12915517	32.81
XR_group6_13201625_13210735 XR_group6+ 13201625-13210735	36.04
XL_group1e_235511_255510 XL_group1e- 235511-255510	42.90
XL_group1e_278565_281452 XL_group1e- 278565-281452	35.91
XL_group1e_313051_316406 XL_group1e+ 313051-316406	56.29
XL_group1e_318158_320593 XL_group1e+ 318158-320593	47.37
XL_group1e_320694_323142 XL_group1e+ 320694-323142	38.91
XL_group1e_403918_406462 XL_group1e+ 403918-406462	35.80
XL_group1e_411070_412234 XL_group1e- 411070-412234	36.74
XL_group1e_432696_434962 XL_group1e+ 432696-434962	35.16
XL_group1e_448983_450450 XL_group1e- 448983-450450	31.95
XL_group1e_479565_485132 XL_group1e- 479565-485132	46.08
XL_group1e_513376_516514 XL_group1e+ 513376-516514	44.47
XL_group1e_642753_646389 XL_group1e- 642753-646389	36.60
XL_group1e_808756_810804 XL_group1e- 808756-810804	37.68
XL_group1e_834627_838743 XL_group1e- 834627-838743	41.29
XL_group1e_853966_860683 XL_group1e+ 853966-860683	41.16
XL_group1e_864235_869371 XL_group1e+ 864235-869371	39.07
XL_group1e_890321_895592 XL_group1e- 890321-895592	42.39
XL_group1e_986044_990877 XL_group1e- 986044-990877	32.54
XL_group1e_995141_996473 XL_group1e- 995141-996473	35.71
XL_group1e_1079272_1082168 XL_group1e- 1079272-1082168	40.18
XL_group1e_1320172_1324441 XL_group1e- 1320172-1324441	34.78
XL_group1e_1380610_1383274 XL_group1e+ 1380610-1383274	40.98
XL_group1e_1702068_1704329 XL_group1e- 1702068-1704329	43.85
XL_group1e_1805053_1810781 XL_group1e- 1805053-1810781	40.71
XL_group1e_1828607_1831826 XL_group1e+ 1828607-1831826	33.82
XL_group1e_1869827_1889826 XL_group1e+ 1869827-1889826	41.36
XL_group1e_1955845_1963739 XL_group1e- 1955845-1963739	40.52
XL_group1e_2023577_2024881 XL_group1e- 2023577-2024881	41.07
XL_group1e_2040885_2042272 XL_group1e+ 2040885-2042272	44.02
XL_group1e_2102858_2103991 XL_group1e- 2102858-2103991	48.15
XL_group1e_2222611_2230543 XL_group1e- 2222611-2230543	45.64
XL_group1e_2427379_2434558 XL_group1e+ 2427379-2434558	40.63
XL_group1e_2472051_2479098 XL_group1e- 2472051-2479098	39.61
XL_group1e_2531013_2533045 XL_group1e- 2531013-2533045	32.12
XL_group1e_2573776_2574920 XL_group1e+ 2573776-2574920	32.40
XL_group1e_2781537_2787199 XL_group1e- 2781537-2787199	34.06
XL_group1e_2984663_2987154 XL_group1e+ 2984663-2987154	35.07
XL_group1e_3070093_3080200 XL_group1e- 3070093-3080200	34.21
XL_group1e_3113969_3116560 XL_group1e- 3113969-3116560	33.76
XL_group1e_3139027_3140594 XL_group1e- 3139027-3140594	33.23
XL_group1e_3165466_3167663 XL_group1e- 3165466-3167663	35.85
XL_group1e_3195195_3202463 XL_group1e- 3195195-3202463	34.49
XL_group1e_3203523_3206378 XL_group1e- 3203523-3206378	40.23
XL_group1e_3235604_3238575 XL_group1e- 3235604-3238575	41.22
XL_group1e_3362098_3364528 XL_group1e+ 3362098-3364528	41.88
XL_group1e_3500723_3503446 XL_group1e+ 3500723-3503446	37.67
XL_group1e_3529805_3532747 XL_group1e- 3529805-3532747	45.09
XL_group1e_3714081_3716493 XL_group1e+ 3714081-3716493	33.20
XL_group1e_3772216_3774144 XL_group1e+ 3772216-3774144	34.94
XL_group1e_3775779_3780109 XL_group1e- 3775779-3780109	37.34
XL_group1e_3935207_3937772 XL_group1e- 3935207-3937772	41.50
XL_group1e_3938316_3939986 XL_group1e- 3938316-3939986	41.89
XL_group1e_4165367_4179831 XL_group1e- 4165367-4179831	47.34
XL_group1e_4917750_4930839 XL_group1e- 4917750-4930839	42.77
XL_group1e_4992695_4997186 XL_group1e- 4992695-4997186	44.59
XL_group1e_5167756_5171590 XL_group1e- 5167756-5171590	35.31
XL_group1e_5192148_5194086 XL_group1e+ 5192148-5194086	39.81
XL_group1e_5278572_5291688 XL_group1e+ 5278572-5291688	47.36
XL_group1e_5414192_5415264 XL_group1e- 5414192-5415264	41.19
XL_group1e_5647335_5648694 XL_group1e- 5647335-5648694	41.54
XL_group1e_5863609_5865933 XL_group1e+ 5863609-5865933	40.34
XL_group1e_5908353_5928352 XL_group1e- 5908353-5928352	46.81
XL_group1e_5982756_5986193 XL_group1e- 5982756-5986193	42.38
XL_group1e_6045028_6048248 XL_group1e- 6045028-6048248	34.83
XL_group1e_6071596_6079029 XL_group1e- 6071596-6079029	38.12
XL_group1e_6108236_6115793 XL_group1e- 6108236-6115793	40.59
XL_group1e_6132681_6134939 XL_group1e- 6132681-6134939	32.67
XL_group1e_6216937_6229923 XL_group1e+ 6216937-6229923	48.52
XL_group1e_6285195_6294150 XL_group1e+ 6285195-6294150	44.29
XL_group1e_6548453_6550413 XL_group1e- 6548453-6550413	36.41
XL_group1e_6572492_6576614 XL_group1e- 6572492-6576614	38.54
XL_group1e_6740009_6745848 XL_group1e- 6740009-6745848	31.87
XL_group1e_6895155_6905190 XL_group1e- 6895155-6905190	44.77
XL_group1e_6928446_6929722 XL_group1e+ 6928446-6929722	33.59
XL_group1e_6971406_6980863 XL_group1e- 6971406-6980863	41.88
XL_group1e_7155018_7156027 XL_group1e- 7155018-7156027	41.49
XL_group1e_7183414_7184439 XL_group1e- 7183414-7184439	33.43
XL_group1e_7203541_7216916 XL_group1e+ 7203541-7216916	41.73
XL_group1e_7379506_7383047 XL_group1e- 7379506-7383047	35.18
XL_group1e_7464260_7478708 XL_group1e+ 7464260-7478708	43.26
XL_group1e_7661190_7666138 XL_group1e+ 7661190-7666138	36.49
XL_group1e_7725192_7726241 XL_group1e- 7725192-7726241	50.76
XL_group1e_7796973_7816972 XL_group1e- 7796973-7816972	45.65
XL_group1e_7995922_8004118 XL_group1e- 7995922-8004118	43.26
XL_group1e_8205574_8209306 XL_group1e+ 8205574-8209306	36.16
XL_group1e_8255419_8256441 XL_group1e- 8255419-8256441	42.33
XL_group1e_8321078_8327459 XL_group1e- 8321078-8327459	42.78
XL_group1e_8377052_8379641 XL_group1e+ 8377052-8379641	48.84
XL_group1e_8404526_8405839 XL_group1e- 8404526-8405839	36.68
XL_group1e_8490423_8495602 XL_group1e+ 8490423-8495602	37.70
XL_group1e_8614484_8617192 XL_group1e+ 8614484-8617192	33.07
XL_group1e_8838000_8845074 XL_group1e+ 8838000-8845074	42.78
XL_group1e_8958374_8959436 XL_group1e+ 8958374-8959436	33.21
XL_group1e_9278699_9298698 XL_group1e+ 9278699-9298698	40.02
XL_group1e_9553976_9559633 XL_group1e- 9553976-9559633	43.85
XL_group1e_9575374_9581739 XL_group1e- 9575374-9581739	37.62
XL_group1e_9595155_9596411 XL_group1e- 9595155-9596411	42.08
XL_group1e_9843688_9844804 XL_group1e+ 9843688-9844804	35.00
XL_group1e_9883463_9886559 XL_group1e- 9883463-9886559	32.64
XL_group1e_9898044_9900933 XL_group1e- 9898044-9900933	39.03
XL_group1e_10041526_10042959 XL_group1e+ 10041526-10042959	32.57
XL_group1e_10208224_10209738 XL_group1e+ 10208224-10209738	46.07
XL_group1e_10303138_10305918 XL_group1e+ 10303138-10305918	34.34
XL_group1e_10409660_10411344 XL_group1e- 10409660-10411344	32.11
XL_group1e_10417104_10418713 XL_group1e- 10417104-10418713	35.53
XL_group1e_10459549_10461148 XL_group1e- 10459549-10461148	36.00
XL_group1e_10523147_10543146 XL_group1e+ 10523147-10543146	39.40
XL_group1e_10639705_10641705 XL_group1e+ 10639705-10641705	34.33
XL_group1e_10786878_10789289 XL_group1e- 10786878-10789289	27.16
XL_group1e_10789390_10795278 XL_group1e+ 10789390-10795278	31.43
XL_group1e_10803485_10807611 XL_group1e- 10803485-10807611	39.93
XL_group1e_10815465_10817940 XL_group1e+ 10815465-10817940	35.42
XL_group1e_10835497_10840808 XL_group1e- 10835497-10840808	45.52
XL_group1e_10905257_10910609 XL_group1e- 10905257-10910609	35.18
XL_group1e_10919629_10921276 XL_group1e- 10919629-10921276	36.65
XL_group1e_11133791_11141395 XL_group1e- 11133791-11141395	43.34
XL_group1e_11265632_11275682 XL_group1e- 11265632-11275682	45.15
XL_group1e_11321115_11341114 XL_group1e- 11321115-11341114	47.24
XL_group1e_11596981_11601351 XL_group1e- 11596981-11601351	30.70
XL_group1e_11606361_11609628 XL_group1e- 11606361-11609628	34.67
XL_group1e_11630451_11636991 XL_group1e- 11630451-11636991	41.89
XL_group1e_11690507_11704079 XL_group1e+ 11690507-11704079	45.24
XL_group1e_11758495_11766721 XL_group1e+ 11758495-11766721	43.21
XL_group1e_11857594_11860358 XL_group1e+ 11857594-11860358	33.38
XL_group1e_11909389_11911905 XL_group1e+ 11909389-11911905	37.47
XL_group1e_12052084_12071725 XL_group1e- 12052084-12071725	45.56
XL_group1e_12140054_12141336 XL_group1e- 12140054-12141336	45.44
XL_group1e_12144407_12156631 XL_group1e- 12144407-12156631	44.99
XL_group1e_12239590_12242371 XL_group1e- 12239590-12242371	35.77
XL_group1e_12268312_12273126 XL_group1e+ 12268312-12273126	42.70
XL_group1e_12476963_12485081 XL_group1e+ 12476963-12485081	41.74
XL_group1e_12508451_12509871 XL_group1e+ 12508451-12509871	35.96
4_group3_3249_4484 4_group3+ 3249-4484	45.23
4_group3_134497_144024 4_group3+ 134497-144024	48.00
4_group3_171922_173018 4_group3+ 171922-173018	33.73
4_group3_221844_223120 4_group3- 221844-223120	39.08
4_group3_377659_381118 4_group3+ 377659-381118	35.40
4_group3_395073_396176 4_group3+ 395073-396176	49.55
4_group3_453860_458857 4_group3+ 453860-458857	34.99
4_group3_470449_471708 4_group3- 470449-471708	35.87
4_group3_546554_552357 4_group3- 546554-552357	54.46
4_group3_598071_600638 4_group3- 598071-600638	48.40
4_group3_752642_756223 4_group3- 752642-756223	42.69
4_group3_840467_842086 4_group3+ 840467-842086	47.28
4_group3_960644_961869 4_group3- 960644-961869	31.81
4_group3_970668_975162 4_group3+ 970668-975162	43.83
4_group3_1275192_1281465 4_group3+ 1275192-1281465	46.51
4_group3_1292686_1294127 4_group3- 1292686-1294127	36.69
4_group3_1491639_1494562 4_group3+ 1491639-1494562	40.08
4_group3_1815886_1817230 4_group3- 1815886-1817230	33.90
4_group3_2130999_2133038 4_group3+ 2130999-2133038	33.28
4_group3_2328444_2330477 4_group3+ 2328444-2330477	42.53
4_group3_2385020_2386049 4_group3+ 2385020-2386049	43.79
4_group3_2551197_2571196 4_group3+ 2551197-2571196	45.31
4_group3_2819801_2821143 4_group3- 2819801-2821143	31.72
4_group3_2913943_2919937 4_group3- 2913943-2919937	46.11
4_group3_2926366_2928383 4_group3+ 2926366-2928383	35.88
4_group3_2930905_2932104 4_group3+ 2930905-2932104	37.33
4_group3_3008058_3014227 4_group3+ 3008058-3014227	38.95
4_group3_3026621_3028535 4_group3- 3026621-3028535	35.35
4_group3_3074766_3076432 4_group3- 3074766-3076432	49.37
4_group3_3076947_3078476 4_group3+ 3076947-3078476	57.78
4_group3_3139202_3140775 4_group3- 3139202-3140775	40.03
4_group3_3569380_3572285 4_group3- 3569380-3572285	45.97
4_group3_3678866_3683339 4_group3- 3678866-3683339	40.79
4_group3_3772969_3792968 4_group3- 3772969-3792968	40.40
4_group3_3913239_3917277 4_group3- 3913239-3917277	44.05
4_group3_4108939_4118589 4_group3- 4108939-4118589	44.29
4_group3_4196282_4197483 4_group3+ 4196282-4197483	30.78
4_group3_4287214_4289011 4_group3+ 4287214-4289011	37.15
4_group3_4788540_4796282 4_group3+ 4788540-4796282	45.49
4_group3_5395661_5400928 4_group3+ 5395661-5400928	37.74
4_group3_5455539_5461761 4_group3- 5455539-5461761	45.70
4_group3_5474502_5475772 4_group3- 5474502-5475772	35.25
4_group3_5546059_5547585 4_group3+ 5546059-5547585	35.82
4_group3_5548099_5552329 4_group3- 5548099-5552329	39.71
4_group3_5560220_5563184 4_group3+ 5560220-5563184	30.79
4_group3_5587557_5593107 4_group3+ 5587557-5593107	43.09
4_group3_5621724_5623352 4_group3+ 5621724-5623352	40.88
4_group3_5719985_5733722 4_group3- 5719985-5733722	44.02
4_group3_5789714_5791571 4_group3- 5789714-5791571	42.36
4_group3_6209632_6215824 4_group3- 6209632-6215824	35.65
4_group3_6514401_6517025 4_group3+ 6514401-6517025	38.93
4_group3_6622926_6628072 4_group3+ 6622926-6628072	53.72
4_group3_6707774_6715795 4_group3- 6707774-6715795	46.11
4_group3_6719716_6720741 4_group3+ 6719716-6720741	40.64
4_group3_6813004_6832114 4_group3- 6813004-6832114	45.68
4_group3_7083323_7102815 4_group3+ 7083323-7102815	42.41
4_group3_7107214_7116806 4_group3+ 7107214-7116806	39.54
4_group3_7130105_7131252 4_group3- 7130105-7131252	29.79
4_group3_7345480_7346972 4_group3- 7345480-7346972	36.91
4_group3_7400131_7401335 4_group3- 7400131-7401335	36.85
4_group3_7426580_7428870 4_group3- 7426580-7428870	40.86
4_group3_7495994_7498475 4_group3- 7495994-7498475	38.72
4_group3_7515238_7520103 4_group3- 7515238-7520103	34.55
4_group3_7608492_7609629 4_group3- 7608492-7609629	29.17
4_group3_7685582_7690038 4_group3+ 7685582-7690038	40.50
4_group3_7694523_7701573 4_group3- 7694523-7701573	39.58
4_group3_7906678_7909131 4_group3+ 7906678-7909131	39.41
4_group3_8028703_8031031 4_group3+ 8028703-8031031	45.51
4_group3_8070635_8085490 4_group3+ 8070635-8085490	43.42
4_group3_8201491_8205982 4_group3- 8201491-8205982	39.92
4_group3_8233977_8235473 4_group3+ 8233977-8235473	32.73
4_group3_8398935_8400918 4_group3- 8398935-8400918	30.65
4_group3_8473848_8479701 4_group3- 8473848-8479701	42.91
4_group3_8514408_8517720 4_group3- 8514408-8517720	42.80
4_group3_8613880_8617781 4_group3- 8613880-8617781	38.06
4_group3_8637308_8656798 4_group3+ 8637308-8656798	39.21
4_group3_9084800_9095877 4_group3- 9084800-9095877	46.19
4_group3_9130257_9131919 4_group3- 9130257-9131919	32.35
4_group3_9414591_9425757 4_group3+ 9414591-9425757	44.27
4_group3_9470938_9477268 4_group3- 9470938-9477268	42.39
4_group3_9588705_9592539 4_group3+ 9588705-9592539	36.98
4_group3_9634635_9642154 4_group3+ 9634635-9642154	37.85
4_group3_9671529_9691528 4_group3+ 9671529-9691528	45.84
4_group3_9825808_9836769 4_group3- 9825808-9836769	45.54
4_group3_9854396_9856878 4_group3- 9854396-9856878	47.12
4_group3_10033012_10040573 4_group3+ 10033012-10040573	43.57
4_group3_10068139_10084442 4_group3- 10068139-10084442	44.76
4_group3_10093526_10097963 4_group3- 10093526-10097963	42.70
4_group3_10107027_10110019 4_group3- 10107027-10110019	39.53
4_group3_10305707_10307177 4_group3- 10305707-10307177	40.38
4_group3_10876661_10896660 4_group3- 10876661-10896660	45.14
4_group3_10954118_10955387 4_group3+ 10954118-10955387	40.08
4_group3_10968872_10969961 4_group3- 10968872-10969961	44.04
4_group3_11140401_11150536 4_group3+ 11140401-11150536	40.57
4_group3_11215222_11218197 4_group3+ 11215222-11218197	44.69
4_group3_11676224_11679092 4_group3- 11676224-11679092	44.37
XR_group8_251824_261562 XR_group8+ 251824-261562	47.69
XR_group8_375849_387140 XR_group8- 375849-387140	48.60
XR_group8_598439_601806 XR_group8- 598439-601806	38.69
XR_group8_639750_651608 XR_group8+ 639750-651608	43.23
XR_group8_724386_731155 XR_group8+ 724386-731155	42.36
XR_group8_991831_998193 XR_group8- 991831-998193	38.27
XR_group8_1236600_1238677 XR_group8- 1236600-1238677	43.17
XR_group8_1473964_1480085 XR_group8+ 1473964-1480085	36.44
XR_group8_1481557_1491771 XR_group8+ 1481557-1491771	38.31
XR_group8_1520218_1521376 XR_group8- 1520218-1521376	55.82
XR_group8_1715969_1725045 XR_group8- 1715969-1725045	43.41
XR_group8_1804591_1807458 XR_group8- 1804591-1807458	35.08
XR_group8_1821869_1824475 XR_group8- 1821869-1824475	31.65
XR_group8_2054630_2056747 XR_group8+ 2054630-2056747	33.57
XR_group8_2079098_2083768 XR_group8- 2079098-2083768	36.84
XR_group8_2092060_2093878 XR_group8- 2092060-2093878	34.30
XR_group8_2420203_2425806 XR_group8+ 2420203-2425806	40.49
XR_group8_2447586_2449882 XR_group8+ 2447586-2449882	41.75
XR_group8_2697374_2700810 XR_group8+ 2697374-2700810	45.07
XR_group8_2723177_2733653 XR_group8+ 2723177-2733653	47.86
XR_group8_3053771_3059307 XR_group8+ 3053771-3059307	47.41
XR_group8_3308811_3313034 XR_group8- 3308811-3313034	36.41
XR_group8_3342986_3344671 XR_group8- 3342986-3344671	45.37
XR_group8_3580452_3583201 XR_group8+ 3580452-3583201	34.29
XR_group8_3603014_3604768 XR_group8+ 3603014-3604768	35.38
XR_group8_3770520_3771989 XR_group8+ 3770520-3771989	44.35
XR_group8_3831710_3840882 XR_group8+ 3831710-3840882	46.39
XR_group8_3928450_3931358 XR_group8+ 3928450-3931358	40.53
XR_group8_3945693_3948065 XR_group8+ 3945693-3948065	33.92
XR_group8_3977982_3981175 XR_group8- 3977982-3981175	49.28
XR_group8_4034441_4035891 XR_group8- 4034441-4035891	40.94
XR_group8_4072187_4073541 XR_group8- 4072187-4073541	47.01
XR_group8_4097261_4099455 XR_group8+ 4097261-4099455	50.66
XR_group8_4150426_4152911 XR_group8- 4150426-4152911	47.63
XR_group8_4467646_4479363 XR_group8+ 4467646-4479363	47.77
XR_group8_4734703_4735893 XR_group8- 4734703-4735893	39.55
XR_group8_4964548_4967477 XR_group8- 4964548-4967477	45.15
XR_group8_5352635_5353949 XR_group8- 5352635-5353949	35.13
XR_group8_5483640_5490541 XR_group8+ 5483640-5490541	43.32
XR_group8_5621620_5622788 XR_group8+ 5621620-5622788	37.13
XR_group8_5740394_5743684 XR_group8- 5740394-5743684	39.32
XR_group8_5946164_5950244 XR_group8+ 5946164-5950244	44.74
XR_group8_5951329_5952640 XR_group8- 5951329-5952640	41.31
XR_group8_5998026_6001877 XR_group8- 5998026-6001877	56.93
XR_group8_6085113_6090580 XR_group8- 6085113-6090580	44.81
XR_group8_6315317_6324301 XR_group8- 6315317-6324301	40.77
XR_group8_6326020_6328898 XR_group8+ 6326020-6328898	47.45
XR_group8_6397287_6398411 XR_group8+ 6397287-6398411	43.20
XR_group8_6411988_6414582 XR_group8+ 6411988-6414582	40.96
XR_group8_6898164_6908500 XR_group8- 6898164-6908500	34.22
XR_group8_7125531_7127543 XR_group8+ 7125531-7127543	33.08
XR_group8_7205460_7210391 XR_group8- 7205460-7210391	38.00
XR_group8_7406397_7411032 XR_group8+ 7406397-7411032	37.55
XR_group8_7585505_7589684 XR_group8+ 7585505-7589684	43.47
XR_group8_7816774_7819363 XR_group8+ 7816774-7819363	36.95
XR_group8_8229715_8231762 XR_group8+ 8229715-8231762	34.18
XR_group8_8460784_8462361 XR_group8- 8460784-8462361	34.28
XR_group8_8664414_8666782 XR_group8+ 8664414-8666782	37.99
XR_group8_8879000_8898513 XR_group8+ 8879000-8898513	45.45
XR_group8_9185064_9186714 XR_group8- 9185064-9186714	40.16
XL_group1a_502_13539 XL_group1a+ 502-13539	41.23
XL_group1a_29957_49641 XL_group1a- 29957-49641	40.62
XL_group1a_75579_77454 XL_group1a- 75579-77454	36.57
XL_group1a_87298_94271 XL_group1a+ 87298-94271	44.06
XL_group1a_191189_195409 XL_group1a- 191189-195409	36.08
XL_group1a_399882_401163 XL_group1a+ 399882-401163	41.34
XL_group1a_429055_443778 XL_group1a- 429055-443778	38.60
XL_group1a_464008_471304 XL_group1a- 464008-471304	36.65
XL_group1a_539417_543856 XL_group1a+ 539417-543856	42.59
XL_group1a_554202_557548 XL_group1a+ 554202-557548	41.68
XL_group1a_567880_568890 XL_group1a+ 567880-568890	33.23
XL_group1a_577809_579549 XL_group1a+ 577809-579549	40.72
XL_group1a_714236_716210 XL_group1a- 714236-716210	37.16
XL_group1a_815639_818842 XL_group1a+ 815639-818842	33.93
XL_group1a_821559_822615 XL_group1a- 821559-822615	38.41
XL_group1a_883094_884499 XL_group1a- 883094-884499	36.49
XL_group1a_945582_946646 XL_group1a- 945582-946646	44.69
XL_group1a_1477753_1481349 XL_group1a- 1477753-1481349	44.43
XL_group1a_1481965_1483100 XL_group1a- 1481965-1483100	59.15
XL_group1a_1498531_1501478 XL_group1a+ 1498531-1501478	40.74
XL_group1a_1510963_1514059 XL_group1a- 1510963-1514059	38.20
XL_group1a_1543464_1545681 XL_group1a- 1543464-1545681	40.53
XL_group1a_1712053_1716692 XL_group1a+ 1712053-1716692	39.16
XL_group1a_2000341_2001912 XL_group1a+ 2000341-2001912	36.64
XL_group1a_2013370_2015283 XL_group1a+ 2013370-2015283	47.18
XL_group1a_2019805_2024848 XL_group1a+ 2019805-2024848	42.05
XL_group1a_2045117_2058635 XL_group1a+ 2045117-2058635	40.24
XL_group1a_2111670_2122619 XL_group1a+ 2111670-2122619	44.91
XL_group1a_2144224_2145708 XL_group1a- 2144224-2145708	41.48
XL_group1a_2208052_2214753 XL_group1a+ 2208052-2214753	50.98
XL_group1a_2301832_2303977 XL_group1a- 2301832-2303977	41.89
XL_group1a_2332561_2334496 XL_group1a+ 2332561-2334496	40.03
XL_group1a_2340632_2343507 XL_group1a+ 2340632-2343507	42.49
XL_group1a_2390990_2394812 XL_group1a+ 2390990-2394812	39.68
XL_group1a_2479361_2481030 XL_group1a- 2479361-2481030	36.35
XL_group1a_2570236_2573480 XL_group1a+ 2570236-2573480	42.16
XL_group1a_2578536_2582461 XL_group1a+ 2578536-2582461	47.20
XL_group1a_2607384_2610897 XL_group1a+ 2607384-2610897	42.40
XL_group1a_2616339_2617370 XL_group1a+ 2616339-2617370	35.17
XL_group1a_2679675_2686759 XL_group1a+ 2679675-2686759	47.55
XL_group1a_2845131_2854354 XL_group1a+ 2845131-2854354	40.86
XL_group1a_2919884_2925228 XL_group1a+ 2919884-2925228	38.58
XL_group1a_3062354_3065142 XL_group1a- 3062354-3065142	46.04
XL_group1a_3100729_3107751 XL_group1a- 3100729-3107751	48.11
XL_group1a_3114441_3123123 XL_group1a- 3114441-3123123	42.43
XL_group1a_3156976_3161741 XL_group1a+ 3156976-3161741	40.10
XL_group1a_3258152_3262108 XL_group1a- 3258152-3262108	37.65
XL_group1a_3314749_3316704 XL_group1a- 3314749-3316704	45.19
XL_group1a_3339334_3343917 XL_group1a+ 3339334-3343917	39.49
XL_group1a_3349973_3351179 XL_group1a+ 3349973-3351179	35.87
XL_group1a_3374164_3376945 XL_group1a+ 3374164-3376945	36.45
XL_group1a_3426879_3441474 XL_group1a- 3426879-3441474	42.48
XL_group1a_3809731_3814206 XL_group1a+ 3809731-3814206	36.97
XL_group1a_3860433_3866224 XL_group1a- 3860433-3866224	43.56
XL_group1a_3899088_3906285 XL_group1a+ 3899088-3906285	39.96
XL_group1a_3941879_3947839 XL_group1a- 3941879-3947839	42.27
XL_group1a_3961854_3980828 XL_group1a+ 3961854-3980828	44.13
XL_group1a_4008821_4015252 XL_group1a+ 4008821-4015252	40.21
XL_group1a_4202670_4209571 XL_group1a+ 4202670-4209571	40.60
XL_group1a_4212743_4223249 XL_group1a+ 4212743-4223249	49.81
XL_group1a_4250692_4255858 XL_group1a+ 4250692-4255858	32.32
XL_group1a_4423296_4424625 XL_group1a- 4423296-4424625	34.66
XL_group1a_4434123_4440571 XL_group1a- 4434123-4440571	32.98
XL_group1a_4570709_4590708 XL_group1a- 4570709-4590708	45.41
XL_group1a_4686878_4689248 XL_group1a+ 4686878-4689248	34.08
XL_group1a_4839711_4841469 XL_group1a- 4839711-4841469	39.57
XL_group1a_4843408_4857961 XL_group1a+ 4843408-4857961	46.78
XL_group1a_4947123_4954390 XL_group1a+ 4947123-4954390	40.97
XL_group1a_4984230_4985400 XL_group1a+ 4984230-4985400	38.00
XL_group1a_5062025_5079981 XL_group1a+ 5062025-5079981	46.86
XL_group1a_5256181_5257228 XL_group1a+ 5256181-5257228	48.66
XL_group1a_5330730_5339621 XL_group1a- 5330730-5339621	44.83
XL_group1a_5479478_5485604 XL_group1a- 5479478-5485604	43.94
XL_group1a_5633995_5640806 XL_group1a- 5633995-5640806	36.52
XL_group1a_5645251_5648613 XL_group1a+ 5645251-5648613	39.25
XL_group1a_5711219_5713190 XL_group1a- 5711219-5713190	32.81
XL_group1a_5749485_5755590 XL_group1a+ 5749485-5755590	43.48
XL_group1a_5885240_5889097 XL_group1a+ 5885240-5889097	45.15
XL_group1a_5998256_5999785 XL_group1a+ 5998256-5999785	37.12
XL_group1a_6023640_6025794 XL_group1a- 6023640-6025794	40.51
XL_group1a_6050193_6053076 XL_group1a- 6050193-6053076	45.42
XL_group1a_6130255_6145354 XL_group1a- 6130255-6145354	43.81
XL_group1a_6219078_6220690 XL_group1a- 6219078-6220690	42.65
XL_group1a_6249424_6254189 XL_group1a+ 6249424-6254189	43.66
XL_group1a_6257505_6259343 XL_group1a+ 6257505-6259343	35.73
XL_group1a_6380872_6384688 XL_group1a- 6380872-6384688	34.69
XL_group1a_6401926_6409559 XL_group1a- 6401926-6409559	40.83
XL_group1a_6415848_6418982 XL_group1a+ 6415848-6418982	36.65
XL_group1a_6431724_6433513 XL_group1a- 6431724-6433513	38.66
XL_group1a_6498997_6502508 XL_group1a+ 6498997-6502508	38.18
XL_group1a_6630384_6634513 XL_group1a+ 6630384-6634513	44.65
XL_group1a_6780694_6782322 XL_group1a- 6780694-6782322	40.02
XL_group1a_6797326_6798771 XL_group1a+ 6797326-6798771	33.54
XL_group1a_7006372_7007849 XL_group1a- 7006372-7007849	30.92
XL_group1a_7114628_7134627 XL_group1a- 7114628-7134627	47.36
XL_group1a_7139648_7142236 XL_group1a+ 7139648-7142236	47.47
XL_group1a_7255370_7256963 XL_group1a+ 7255370-7256963	41.78
XL_group1a_7386502_7387706 XL_group1a- 7386502-7387706	44.65
XL_group1a_7400741_7413131 XL_group1a+ 7400741-7413131	39.04
XL_group1a_7591896_7593781 XL_group1a+ 7591896-7593781	41.68
XL_group1a_7753789_7754931 XL_group1a- 7753789-7754931	35.00
XL_group1a_7792327_7794574 XL_group1a- 7792327-7794574	38.88
XL_group1a_8027616_8032784 XL_group1a- 8027616-8032784	45.58
XL_group1a_8136767_8140015 XL_group1a+ 8136767-8140015	31.43
XL_group1a_8268683_8281158 XL_group1a+ 8268683-8281158	47.28
XL_group1a_8338328_8358327 XL_group1a+ 8338328-8358327	51.89
XL_group1a_8474393_8483799 XL_group1a- 8474393-8483799	48.84
XL_group1a_8518228_8521597 XL_group1a- 8518228-8521597	37.80
XL_group1a_8660934_8677031 XL_group1a+ 8660934-8677031	46.76
XL_group1a_8691153_8692652 XL_group1a- 8691153-8692652	40.20
XL_group1a_8845544_8846768 XL_group1a- 8845544-8846768	35.67
XL_group1a_8847985_8850609 XL_group1a+ 8847985-8850609	36.99
XL_group1a_9001018_9003486 XL_group1a- 9001018-9003486	34.99
XL_group1a_9026814_9028182 XL_group1a- 9026814-9028182	32.87
4_group4_10653_16800 4_group4+ 10653-16800	45.98
4_group4_246846_255939 4_group4- 246846-255939	44.85
4_group4_308697_312017 4_group4- 308697-312017	43.81
4_group4_383542_387871 4_group4+ 383542-387871	44.02
4_group4_535175_555174 4_group4- 535175-555174	46.40
4_group4_628852_638546 4_group4- 628852-638546	43.65
4_group4_696905_699760 4_group4- 696905-699760	43.59
4_group4_752189_772188 4_group4- 752189-772188	42.72
4_group4_784527_800293 4_group4+ 784527-800293	42.10
4_group4_927798_928891 4_group4+ 927798-928891	37.93
4_group4_951698_953936 4_group4- 951698-953936	31.71
4_group4_954072_956305 4_group4+ 954072-956305	36.26
4_group4_958373_960567 4_group4- 958373-960567	31.89
4_group4_1024638_1026708 4_group4+ 1024638-1026708	35.01
4_group4_1064695_1066023 4_group4+ 1064695-1066023	37.32
4_group4_1067235_1084694 4_group4+ 1067235-1084694	40.68
4_group4_1197003_1199453 4_group4- 1197003-1199453	37.09
4_group4_1261380_1262710 4_group4- 1261380-1262710	39.44
4_group4_1361939_1377847 4_group4+ 1361939-1377847	40.40
4_group4_1388881_1391461 4_group4+ 1388881-1391461	38.01
4_group4_1392355_1404728 4_group4- 1392355-1404728	40.92
4_group4_1512485_1513564 4_group4- 1512485-1513564	33.24
4_group4_1640587_1642362 4_group4+ 1640587-1642362	42.57
4_group4_1675206_1676783 4_group4- 1675206-1676783	26.87
4_group4_1686867_1688394 4_group4+ 1686867-1688394	43.98
4_group4_1893317_1897799 4_group4- 1893317-1897799	42.34
4_group4_1996896_2000715 4_group4- 1996896-2000715	44.82
4_group4_2093688_2096633 4_group4+ 2093688-2096633	45.82
4_group4_2257929_2269964 4_group4+ 2257929-2269964	44.99
4_group4_2272891_2276741 4_group4- 2272891-2276741	47.42
4_group4_2313792_2315358 4_group4- 2313792-2315358	36.76
4_group4_2315409_2316925 4_group4- 2315409-2316925	44.23
4_group4_2407396_2427395 4_group4- 2407396-2427395	47.55
4_group4_2541430_2542439 4_group4+ 2541430-2542439	39.90
4_group4_2697217_2700189 4_group4+ 2697217-2700189	36.43
4_group4_2833268_2835090 4_group4+ 2833268-2835090	44.43
4_group4_2837856_2845088 4_group4- 2837856-2845088	47.17
4_group4_2896738_2901171 4_group4- 2896738-2901171	41.14
4_group4_2902589_2905236 4_group4+ 2902589-2905236	41.43
4_group4_3261586_3262659 4_group4+ 3261586-3262659	42.83
4_group4_3539533_3542058 4_group4+ 3539533-3542058	37.41
4_group4_3543754_3547687 4_group4+ 3543754-3547687	34.21
4_group4_4052423_4053479 4_group4+ 4052423-4053479	32.92
4_group4_4072744_4077780 4_group4+ 4072744-4077780	37.96
4_group4_4157677_4159104 4_group4- 4157677-4159104	38.73
4_group4_4186691_4189442 4_group4- 4186691-4189442	34.74
4_group4_4207525_4210001 4_group4- 4207525-4210001	35.00
4_group4_4302373_4308215 4_group4+ 4302373-4308215	39.07
4_group4_4330732_4332877 4_group4+ 4330732-4332877	38.77
4_group4_4336980_4339549 4_group4+ 4336980-4339549	39.84
4_group4_4363667_4364742 4_group4+ 4363667-4364742	35.59
4_group4_4441426_4451671 4_group4+ 4441426-4451671	38.76
4_group4_4518112_4529550 4_group4- 4518112-4529550	43.68
4_group4_4552445_4553698 4_group4+ 4552445-4553698	40.91
4_group4_4554075_4558873 4_group4+ 4554075-4558873	48.70
4_group4_4723596_4725822 4_group4- 4723596-4725822	45.85
4_group4_4848575_4852426 4_group4+ 4848575-4852426	45.46
4_group4_4902749_4907727 4_group4+ 4902749-4907727	36.37
4_group4_5022226_5028303 4_group4- 5022226-5028303	41.67
4_group4_5045200_5047027 4_group4- 5045200-5047027	47.48
4_group4_5052063_5062237 4_group4+ 5052063-5062237	40.49
4_group4_5370113_5377637 4_group4+ 5370113-5377637	43.30
4_group4_5379776_5395773 4_group4- 5379776-5395773	40.89
4_group4_5452093_5458075 4_group4+ 5452093-5458075	40.13
4_group4_5633873_5643056 4_group4+ 5633873-5643056	38.50
4_group4_5666011_5669137 4_group4+ 5666011-5669137	39.37
4_group4_5922463_5924160 4_group4+ 5922463-5924160	46.29
4_group4_5960287_5962998 4_group4- 5960287-5962998	46.28
4_group4_5986676_5989981 4_group4- 5986676-5989981	38.17
4_group4_6018381_6021801 4_group4+ 6018381-6021801	46.77
4_group4_6115949_6118197 4_group4- 6115949-6118197	37.79
4_group4_6121565_6125929 4_group4+ 6121565-6125929	47.67
4_group4_6133440_6140936 4_group4- 6133440-6140936	43.90
4_group4_6144376_6149845 4_group4+ 6144376-6149845	38.37
4_group4_6345449_6353236 4_group4- 6345449-6353236	33.67
4_group4_6452168_6455377 4_group4- 6452168-6455377	40.12
4_group4_6501127_6508011 4_group4- 6501127-6508011	35.85
4_group4_6511999_6514973 4_group4+ 6511999-6514973	38.86
4_group4_6590331_6591707 4_group4- 6590331-6591707	45.03
4_group5_154676_156192 4_group5- 154676-156192	32.50
4_group5_166895_172403 4_group5+ 166895-172403	43.40
4_group5_222383_242382 4_group5- 222383-242382	39.97
4_group5_422818_427699 4_group5+ 422818-427699	32.12
4_group5_528736_530004 4_group5+ 528736-530004	34.12
4_group5_912257_919209 4_group5+ 912257-919209	40.69
4_group5_990335_991382 4_group5- 990335-991382	34.73
4_group5_992590_996699 4_group5+ 992590-996699	34.28
4_group5_1158099_1159441 4_group5+ 1158099-1159441	36.26
4_group5_1261205_1263240 4_group5- 1261205-1263240	40.82
4_group5_1568368_1572729 4_group5+ 1568368-1572729	37.05
4_group5_1824134_1826212 4_group5- 1824134-1826212	38.24
4_group5_1883453_1885024 4_group5- 1883453-1885024	38.99
4_group5_1978851_1980505 4_group5- 1978851-1980505	36.19
4_group5_2004441_2005632 4_group5+ 2004441-2005632	50.08
4_group5_2011137_2012148 4_group5+ 2011137-2012148	44.17
4_group5_2046049_2047245 4_group5+ 2046049-2047245	28.40
4_group5_2118211_2123922 4_group5+ 2118211-2123922	38.38
4_group5_2343113_2359716 4_group5- 2343113-2359716	43.16
4_group5_2429265_2436272 4_group5- 2429265-2436272	45.03
4_group2_24082_25784 4_group2- 24082-25784	31.94
4_group2_44833_46309 4_group2+ 44833-46309	41.91
4_group2_136264_138925 4_group2+ 136264-138925	44.33
4_group2_476894_479221 4_group2- 476894-479221	31.96
4_group2_537426_557425 4_group2- 537426-557425	42.00
4_group2_560858_576040 4_group2+ 560858-576040	40.40
4_group2_830306_832343 4_group2+ 830306-832343	34.59
4_group2_909032_910581 4_group2- 909032-910581	34.71
4_group2_962371_967352 4_group2+ 962371-967352	45.72
4_group2_967574_975430 4_group2+ 967574-975430	44.53
4_group2_1010945_1013892 4_group2- 1010945-1013892	49.42
4_group2_1033569_1038545 4_group2+ 1033569-1038545	48.52
4_group2_1043191_1044530 4_group2+ 1043191-1044530	41.04
4_group2_1069735_1074987 4_group2+ 1069735-1074987	48.73
4_group2_1075550_1082267 4_group2- 1075550-1082267	46.17
4_group2_1083472_1084940 4_group2+ 1083472-1084940	47.72
4_group2_1183178_1185587 4_group2- 1183178-1185587	41.70
4_group2_1225210_1226766 4_group2- 1225210-1226766	36.93
4_group2_1229652_1230712 4_group2+ 1229652-1230712	45.90
XR_group5_4383_7394 XR_group5+ 4383-7394	48.80
XR_group5_150161_156456 XR_group5+ 150161-156456	38.64
XR_group5_389614_392371 XR_group5+ 389614-392371	34.52
XR_group5_521257_525140 XR_group5+ 521257-525140	31.44
XR_group5_584782_586063 XR_group5- 584782-586063	35.96
XR_group5_639796_641249 XR_group5+ 639796-641249	42.30
XL_group3b_501_2511 XL_group3b+ 501-2511	36.25
XL_group3b_3629_7665 XL_group3b- 3629-7665	58.58
XL_group3b_7716_8759 XL_group3b+ 7716-8759	34.58
XL_group3b_29454_30783 XL_group3b- 29454-30783	36.84
XL_group3b_106879_118847 XL_group3b+ 106879-118847	40.05
XL_group3b_126309_128393 XL_group3b+ 126309-128393	37.84
XL_group3b_133431_134474 XL_group3b- 133431-134474	35.82
XL_group3b_185534_191599 XL_group3b- 185534-191599	39.17
XL_group3b_262396_266026 XL_group3b+ 262396-266026	43.87
Unknown_group_8_501_1829 Unknown_group_8+ 501-1829	38.30
Unknown_group_8_8319_15849 Unknown_group_8+ 8319-15849	39.41
Unknown_group_1_21784_24954 Unknown_group_1+ 21784-24954	33.59
Unknown_group_1_112136_128408 Unknown_group_1- 112136-128408	37.74
Unknown_group_1_136302_147751 Unknown_group_1- 136302-147751	37.83
Unknown_group_1_159928_163217 Unknown_group_1+ 159928-163217	37.36
Unknown_group_3_3775_5097 Unknown_group_3- 3775-5097	41.80
Unknown_group_3_18079_21362 Unknown_group_3- 18079-21362	38.95
Unknown_group_3_74269_76453 Unknown_group_3+ 74269-76453	43.43
Unknown_group_3_122409_124379 Unknown_group_3+ 122409-124379	43.33
Unknown_group_3_148087_149122 Unknown_group_3- 148087-149122	45.85
Unknown_group_4_502_1965 Unknown_group_4- 502-1965	39.07
Unknown_group_4_72391_78330 Unknown_group_4+ 72391-78330	39.53
Unknown_group_4_107637_110926 Unknown_group_4+ 107637-110926	38.97
Unknown_group_4_123549_128033 Unknown_group_4- 123549-128033	54.85
Unknown_group_7_501_3565 Unknown_group_7+ 501-3565	43.82
Unknown_group_7_9273_11612 Unknown_group_7+ 9273-11612	42.44
Unknown_group_7_17307_20870 Unknown_group_7+ 17307-20870	43.80
Unknown_group_7_80004_82092 Unknown_group_7- 80004-82092	42.17
Unknown_group_7_89203_94970 Unknown_group_7- 89203-94970	41.21
Unknown_group_39_3319_5406 Unknown_group_39+ 3319-5406	43.20
Unknown_group_24_4861_7584 Unknown_group_24+ 4861-7584	37.08
Unknown_group_260_2755_4606 Unknown_group_260- 2755-4606	42.93
Unknown_group_260_11444_16521 Unknown_group_260- 11444-16521	43.88
Unknown_group_260_20210_23347 Unknown_group_260- 20210-23347	41.40
Unknown_group_43_5550_10892 Unknown_group_43+ 5550-10892	38.27
Unknown_group_43_85210_86244 Unknown_group_43- 85210-86244	34.49
Unknown_group_2_501_10771 Unknown_group_2- 501-10771	42.67
Unknown_singleton_1898_19445_21131 Unknown_singleton_1898- 19445-21131	33.43
Unknown_group_14_501_2094 Unknown_group_14+ 501-2094	48.06
Unknown_group_14_2591_3800 Unknown_group_14+ 2591-3800	46.78
Unknown_group_14_6526_8520 Unknown_group_14+ 6526-8520	53.98
Unknown_group_14_12491_18071 Unknown_group_14- 12491-18071	33.63
Unknown_group_14_21898_23879 Unknown_group_14- 21898-23879	40.87
Unknown_group_6_2343_19202 Unknown_group_6- 2343-19202	46.23
Unknown_group_78_5773_10296 Unknown_group_78+ 5773-10296	38.09
Unknown_group_10_5461_7196 Unknown_group_10- 5461-7196	49.08
Unknown_group_10_12405_27273 Unknown_group_10- 12405-27273	38.85
Unknown_group_15_502_5427 Unknown_group_15- 502-5427	37.56
Unknown_group_15_23497_25239 Unknown_group_15+ 23497-25239	52.21
Unknown_group_15_46890_52094 Unknown_group_15+ 46890-52094	41.06
Unknown_group_58_40588_46958 Unknown_group_58- 40588-46958	40.73
Unknown_group_58_61561_66444 Unknown_group_58+ 61561-66444	41.44
Unknown_group_17_5553_10430 Unknown_group_17- 5553-10430	40.96
Unknown_group_17_59156_61849 Unknown_group_17+ 59156-61849	55.23
Unknown_group_17_61900_68369 Unknown_group_17+ 61900-68369	40.82
Unknown_group_23_979_20978 Unknown_group_23- 979-20978	44.44
Unknown_group_74_502_15967 Unknown_group_74- 502-15967	40.17
Unknown_group_5_15847_23361 Unknown_group_5- 15847-23361	47.68
Unknown_group_5_50793_52839 Unknown_group_5+ 50793-52839	50.17
Unknown_group_5_54299_55998 Unknown_group_5+ 54299-55998	34.41
Unknown_group_94_10594_30593 Unknown_group_94- 10594-30593	49.62
Unknown_group_804_38193_44443 Unknown_group_804+ 38193-44443	41.95
Unknown_group_247_26297_36982 Unknown_group_247+ 26297-36982	44.32
Unknown_group_12_7802_16279 Unknown_group_12+ 7802-16279	49.41
Unknown_group_9_501_8987 Unknown_group_9- 501-8987	42.42
Unknown_group_9_48828_50804 Unknown_group_9- 48828-50804	36.92
Unknown_group_19_501_15744 Unknown_group_19- 501-15744	46.61
Unknown_group_19_25614_42535 Unknown_group_19+ 25614-42535	49.47
Unknown_group_72_501_3361 Unknown_group_72- 501-3361	39.85
Unknown_group_72_4108_10903 Unknown_group_72+ 4108-10903	43.69
Unknown_group_72_17547_26118 Unknown_group_72+ 17547-26118	45.91
Unknown_group_726_2577_3655 Unknown_group_726+ 2577-3655	41.33
Unknown_group_726_5641_8260 Unknown_group_726- 5641-8260	30.65
Unknown_group_726_17618_20179 Unknown_group_726+ 17618-20179	40.09
Unknown_group_28_501_13479 Unknown_group_28- 501-13479	44.87
Unknown_group_28_20842_40166 Unknown_group_28- 20842-40166	42.30
Unknown_group_658_501_3053 Unknown_group_658+ 501-3053	36.94
Unknown_group_658_10895_30894 Unknown_group_658+ 10895-30894	43.81
Unknown_group_658_33061_35068 Unknown_group_658+ 33061-35068	33.32
Unknown_group_154_7735_27734 Unknown_group_154- 7735-27734	48.26
Unknown_group_16_502_20495 Unknown_group_16+ 502-20495	43.32
Unknown_singleton_2748_501_13495 Unknown_singleton_2748- 501-13495	40.00
Unknown_singleton_2748_14814_18371 Unknown_singleton_2748- 14814-18371	37.66
Unknown_group_417_24756_25884 Unknown_group_417+ 24756-25884	36.05
Unknown_group_417_25935_28137 Unknown_group_417+ 25935-28137	35.41
Unknown_singleton_958_1136_21135 Unknown_singleton_958- 1136-21135	52.02
Unknown_singleton_958_22887_30254 Unknown_singleton_958- 22887-30254	58.39
Unknown_group_34_501_1709 Unknown_group_34+ 501-1709	57.49
Unknown_group_38_10204_22778 Unknown_group_38+ 10204-22778	45.20
Unknown_group_47_12089_32084 Unknown_group_47- 12089-32084	44.22
Unknown_group_42_501_6421 Unknown_group_42+ 501-6421	39.47
Unknown_group_81_502_4327 Unknown_group_81- 502-4327	36.62
Unknown_group_29_501_8415 Unknown_group_29+ 501-8415	49.69
Unknown_group_29_8466_10953 Unknown_group_29- 8466-10953	42.60
Unknown_group_29_15231_24868 Unknown_group_29+ 15231-24868	46.10
Unknown_group_126_501_1956 Unknown_group_126- 501-1956	44.44
Unknown_group_126_2007_5255 Unknown_group_126+ 2007-5255	43.64
Unknown_group_126_7722_11110 Unknown_group_126- 7722-11110	45.03
Unknown_group_48_501_10807 Unknown_group_48- 501-10807	41.52
Unknown_group_258_3928_6241 Unknown_group_258+ 3928-6241	46.97
Unknown_group_258_7322_15259 Unknown_group_258- 7322-15259	44.99
Unknown_group_286_502_3511 Unknown_group_286+ 502-3511	36.11
Unknown_group_286_14734_18727 Unknown_group_286- 14734-18727	37.28
Unknown_group_98_501_2430 Unknown_group_98- 501-2430	46.37
Unknown_group_98_2684_8176 Unknown_group_98- 2684-8176	44.86
Unknown_group_82_502_7395 Unknown_group_82+ 502-7395	42.33
Unknown_group_82_7446_12463 Unknown_group_82- 7446-12463	40.35
Unknown_group_82_12514_14035 Unknown_group_82- 12514-14035	46.32
Unknown_singleton_881_501_5513 Unknown_singleton_881- 501-5513	44.05
Unknown_singleton_881_16679_17841 Unknown_singleton_881- 16679-17841	40.24
Unknown_group_301_501_9803 Unknown_group_301- 501-9803	45.83
Unknown_group_201_4210_7230 Unknown_group_201- 4210-7230	41.54
Unknown_group_201_9986_12706 Unknown_group_201- 9986-12706	32.71
Unknown_group_77_502_4839 Unknown_group_77+ 502-4839	44.72
Unknown_group_77_7645_12113 Unknown_group_77+ 7645-12113	44.95
Unknown_group_77_20355_25641 Unknown_group_77+ 20355-25641	40.27
Unknown_group_277_501_5086 Unknown_group_277+ 501-5086	40.71
Unknown_group_277_11001_16155 Unknown_group_277- 11001-16155	50.20
Unknown_group_454_501_4423 Unknown_group_454+ 501-4423	39.94
Unknown_group_233_20582_23162 Unknown_group_233+ 20582-23162	41.34
Unknown_group_61_1724_9353 Unknown_group_61+ 1724-9353	43.07
Unknown_group_61_10467_12888 Unknown_group_61- 10467-12888	39.39
Unknown_group_61_13381_17742 Unknown_group_61- 13381-17742	44.48
Unknown_group_61_18087_19453 Unknown_group_61+ 18087-19453	41.99
Unknown_group_61_20160_21392 Unknown_group_61+ 20160-21392	47.04
Unknown_group_61_21443_24818 Unknown_group_61+ 21443-24818	47.19
Unknown_group_64_501_3909 Unknown_group_64+ 501-3909	42.86
Unknown_group_64_4108_5605 Unknown_group_64- 4108-5605	37.98
Unknown_group_64_5656_6704 Unknown_group_64- 5656-6704	38.80
Unknown_singleton_1352_502_8667 Unknown_singleton_1352+ 502-8667	43.55
Unknown_group_116_501_5731 Unknown_group_116- 501-5731	45.35
Unknown_group_116_6960_7995 Unknown_group_116- 6960-7995	45.17
Unknown_group_116_11677_12804 Unknown_group_116+ 11677-12804	47.87
Unknown_group_262_502_2140 Unknown_group_262- 502-2140	41.92
Unknown_group_262_4105_8973 Unknown_group_262+ 4105-8973	37.11
Unknown_group_377_1093_6297 Unknown_group_377- 1093-6297	43.04
Unknown_group_89_501_15635 Unknown_group_89+ 501-15635	43.80
Unknown_group_89_17656_19961 Unknown_group_89+ 17656-19961	48.48
Unknown_group_147_502_3659 Unknown_group_147- 502-3659	35.81
Unknown_group_497_501_2852 Unknown_group_497- 501-2852	35.12
Unknown_group_497_8964_13332 Unknown_group_497+ 8964-13332	40.63
Unknown_group_575_12709_15294 Unknown_group_575+ 12709-15294	43.31
Unknown_group_575_17788_19342 Unknown_group_575+ 17788-19342	45.40
Unknown_group_95_7766_9288 Unknown_group_95- 7766-9288	46.03
Unknown_group_143_501_7049 Unknown_group_143- 501-7049	38.65
Unknown_group_252_501_1908 Unknown_group_252- 501-1908	37.22
Unknown_group_252_2119_9396 Unknown_group_252- 2119-9396	39.98
Unknown_group_252_10162_13739 Unknown_group_252+ 10162-13739	51.73
Unknown_group_252_15980_19029 Unknown_group_252+ 15980-19029	51.41
Unknown_group_109_501_3635 Unknown_group_109- 501-3635	44.08
Unknown_group_623_3491_9474 Unknown_group_623+ 3491-9474	43.45
Unknown_group_125_501_3608 Unknown_group_125- 501-3608	41.83
Unknown_singleton_2799_6371_7423 Unknown_singleton_2799+ 6371-7423	58.12
Unknown_group_203_5419_10402 Unknown_group_203- 5419-10402	42.66
Unknown_group_302_871_2038 Unknown_group_302- 871-2038	40.50
Unknown_group_189_6157_13764 Unknown_group_189- 6157-13764	38.08
Unknown_singleton_2064_1194_4571 Unknown_singleton_2064- 1194-4571	54.91
Unknown_singleton_2064_7310_10539 Unknown_singleton_2064- 7310-10539	57.55
Unknown_group_315_1971_8174 Unknown_group_315+ 1971-8174	50.06
Unknown_group_552_501_2047 Unknown_group_552- 501-2047	36.46
Unknown_group_552_3662_9036 Unknown_group_552+ 3662-9036	48.15
Unknown_group_552_11124_12133 Unknown_group_552- 11124-12133	48.91
Unknown_group_429_2724_9061 Unknown_group_429+ 2724-9061	42.87
Unknown_group_429_12407_14335 Unknown_group_429+ 12407-14335	34.53
Unknown_group_271_9659_13975 Unknown_group_271+ 9659-13975	44.66
Unknown_group_398_501_2024 Unknown_group_398- 501-2024	36.42
Unknown_group_555_501_2564 Unknown_group_555- 501-2564	44.91
Unknown_group_669_501_2531 Unknown_group_669+ 501-2531	43.97
Unknown_group_669_8110_11104 Unknown_group_669+ 8110-11104	44.14
Unknown_group_297_5936_8425 Unknown_group_297+ 5936-8425	38.31
Unknown_group_779_501_4275 Unknown_group_779+ 501-4275	45.99
Unknown_group_425_501_5127 Unknown_group_425+ 501-5127	31.94
Unknown_group_425_7618_10450 Unknown_group_425- 7618-10450	41.55
Unknown_group_421_501_7467 Unknown_group_421+ 501-7467	43.32
Unknown_singleton_3612_2787_6901 Unknown_singleton_3612- 2787-6901	42.94
Unknown_singleton_1460_3610_10928 Unknown_singleton_1460+ 3610-10928	40.83
Unknown_singleton_868_6878_8227 Unknown_singleton_868- 6878-8227	43.63
Unknown_group_493_501_1740 Unknown_group_493+ 501-1740	39.60
Unknown_group_304_502_4620 Unknown_group_304- 502-4620	58.99
Unknown_group_304_5993_9872 Unknown_group_304+ 5993-9872	55.95
Unknown_group_381_501_6799 Unknown_group_381+ 501-6799	36.51
Unknown_group_639_501_2637 Unknown_group_639- 501-2637	45.16
Unknown_group_222_501_1525 Unknown_group_222+ 501-1525	47.32
Unknown_singleton_3680_3031_5029 Unknown_singleton_3680- 3031-5029	45.22
Unknown_singleton_1320_502_2575 Unknown_singleton_1320- 502-2575	38.09
Unknown_singleton_1320_3946_5195 Unknown_singleton_1320+ 3946-5195	38.32
Unknown_group_809_999_3489 Unknown_group_809+ 999-3489	41.55
Unknown_singleton_3595_501_1952 Unknown_singleton_3595- 501-1952	44.77
Unknown_group_737_1136_2372 Unknown_group_737+ 1136-2372	41.55
