2L_74051_80297 2L- 74051-80297	38.98
2L_120714_123759 2L- 120714-123759	41.10
2L_337213_350096 2L- 337213-350096	43.74
2L_360738_368951 2L- 360738-368951	41.16
2L_398864_403501 2L+ 398864-403501	45.75
2L_553631_557074 2L+ 553631-557074	46.43
2L_570198_575835 2L- 570198-575835	43.22
2L_603048_613060 2L+ 603048-613060	44.33
2L_680739_692029 2L+ 680739-692029	46.25
2L_695229_700800 2L- 695229-700800	46.84
2L_708998_713299 2L- 708998-713299	44.03
2L_726833_735564 2L- 726833-735564	45.41
2L_737028_738634 2L- 737028-738634	46.80
2L_740098_741294 2L+ 740098-741294	44.86
2L_753807_773082 2L- 753807-773082	46.50
2L_848385_860840 2L+ 848385-860840	46.05
2L_870015_877594 2L+ 870015-877594	47.08
2L_882249_886304 2L- 882249-886304	44.35
2L_929716_949715 2L- 929716-949715	47.17
2L_1088734_1089843 2L+ 1088734-1089843	39.46
2L_1148961_1150879 2L- 1148961-1150879	44.97
2L_1152937_1165776 2L+ 1152937-1165776	42.97
2L_1182314_1193447 2L- 1182314-1193447	45.07
2L_1234451_1238689 2L- 1234451-1238689	43.22
2L_1245976_1265975 2L- 1245976-1265975	42.85
2L_1268484_1271622 2L+ 1268484-1271622	43.58
2L_1273431_1278874 2L+ 1273431-1278874	45.17
2L_1283568_1289130 2L- 1283568-1289130	43.81
2L_1294348_1296320 2L- 1294348-1296320	45.77
2L_1300120_1305260 2L- 1300120-1305260	44.70
2L_1307324_1317904 2L- 1307324-1317904	44.32
2L_1358495_1365649 2L+ 1358495-1365649	42.40
2L_1367287_1379649 2L- 1367287-1379649	44.89
2L_1395161_1415160 2L- 1395161-1415160	44.28
2L_1440530_1453395 2L- 1440530-1453395	42.07
2L_1466877_1486876 2L+ 1466877-1486876	41.24
2L_1556951_1576950 2L- 1556951-1576950	41.11
2L_1687461_1707460 2L- 1687461-1707460	42.31
2L_1710867_1713863 2L- 1710867-1713863	43.01
2L_1720620_1736285 2L- 1720620-1736285	41.35
2L_1742487_1746882 2L- 1742487-1746882	42.63
2L_1748834_1751874 2L- 1748834-1751874	41.93
2L_1858087_1860582 2L- 1858087-1860582	47.52
2L_1865898_1883984 2L+ 1865898-1883984	45.13
2L_1899861_1901521 2L- 1899861-1901521	44.49
2L_1903074_1906574 2L- 1903074-1906574	41.93
2L_1958352_1963709 2L+ 1958352-1963709	47.91
2L_2011548_2020898 2L+ 2011548-2020898	41.34
2L_2072719_2082870 2L+ 2072719-2082870	47.55
2L_2091823_2096779 2L+ 2091823-2096779	47.77
2L_2140132_2143501 2L- 2140132-2143501	43.03
2L_2150354_2157711 2L- 2150354-2157711	44.54
2L_2160646_2162439 2L- 2160646-2162439	41.97
2L_2164326_2177858 2L- 2164326-2177858	42.91
2L_2185742_2188222 2L- 2185742-2188222	41.84
2L_2279382_2282459 2L- 2279382-2282459	43.66
2L_2357847_2377846 2L- 2357847-2377846	42.16
2L_2392102_2396538 2L- 2392102-2396538	44.69
2L_2401138_2410170 2L+ 2401138-2410170	42.26
2L_2416530_2436529 2L- 2416530-2436529	42.67
2L_2447384_2456417 2L- 2447384-2456417	43.69
2L_2474615_2480170 2L- 2474615-2480170	44.17
2L_2482022_2492584 2L+ 2482022-2492584	44.06
2L_2494754_2498292 2L+ 2494754-2498292	43.52
2L_2500543_2508730 2L- 2500543-2508730	42.98
2L_2545650_2551655 2L+ 2545650-2551655	44.99
2L_2553853_2556011 2L- 2553853-2556011	41.50
2L_2607432_2617302 2L+ 2607432-2617302	41.72
2L_2681307_2685570 2L+ 2681307-2685570	40.43
2L_2711405_2714877 2L- 2711405-2714877	41.98
2L_3090385_3110384 2L+ 3090385-3110384	41.27
2L_3215124_3216830 2L- 3215124-3216830	36.61
2L_3238891_3246777 2L+ 3238891-3246777	43.35
2L_3248855_3257129 2L+ 3248855-3257129	41.18
2L_3258560_3263721 2L+ 3258560-3263721	40.18
2L_3286559_3304549 2L- 3286559-3304549	40.33
2L_3335359_3337367 2L- 3335359-3337367	43.85
2L_3351037_3352988 2L+ 3351037-3352988	42.62
2L_3392685_3396844 2L- 3392685-3396844	43.17
2L_3411363_3431362 2L- 3411363-3431362	43.88
2L_3439881_3446588 2L+ 3439881-3446588	45.23
2L_3449237_3462269 2L+ 3449237-3462269	45.60
2L_3465593_3476907 2L- 3465593-3476907	45.49
2L_3510528_3515349 2L+ 3510528-3515349	40.98
2L_3607937_3609627 2L- 3607937-3609627	37.73
2L_3668320_3676872 2L+ 3668320-3676872	42.50
2L_3679293_3688027 2L+ 3679293-3688027	41.35
2L_3691327_3692926 2L+ 3691327-3692926	42.19
2L_3697934_3703356 2L+ 3697934-3703356	42.28
2L_3708332_3713380 2L+ 3708332-3713380	42.64
2L_3844719_3852051 2L+ 3844719-3852051	39.64
2L_3853558_3855847 2L+ 3853558-3855847	41.35
2L_3863340_3883339 2L- 3863340-3883339	40.09
2L_4088497_4092673 2L+ 4088497-4092673	45.75
2L_4106075_4124213 2L+ 4106075-4124213	45.76
2L_4126893_4129255 2L+ 4126893-4129255	44.69
2L_4178941_4180077 2L+ 4178941-4180077	44.94
2L_4192848_4198958 2L+ 4192848-4198958	42.96
2L_4200900_4207921 2L- 4200900-4207921	43.26
2L_4450588_4465554 2L- 4450588-4465554	43.58
2L_4475629_4478117 2L+ 4475629-4478117	44.11
2L_4480577_4500428 2L+ 4480577-4500428	42.49
2L_4543320_4552348 2L- 4543320-4552348	43.15
2L_4840990_4842240 2L- 4840990-4842240	33.41
2L_5172722_5184598 2L+ 5172722-5184598	43.11
2L_5187381_5196607 2L+ 5187381-5196607	42.64
2L_5198774_5209531 2L- 5198774-5209531	41.55
2L_5222575_5227625 2L- 5222575-5227625	39.97
2L_5273098_5291136 2L+ 5273098-5291136	40.83
2L_5297531_5317530 2L- 5297531-5317530	40.58
2L_5369107_5383619 2L- 5369107-5383619	41.76
2L_5386236_5391265 2L+ 5386236-5391265	43.32
2L_5393559_5399446 2L+ 5393559-5399446	41.64
2L_5403574_5406576 2L+ 5403574-5406576	37.86
2L_5423052_5424660 2L+ 5423052-5424660	37.10
2L_5617206_5621863 2L- 5617206-5621863	42.44
2L_5623478_5627886 2L- 5623478-5627886	40.10
2L_5652480_5654692 2L- 5652480-5654692	44.01
2L_5675495_5678683 2L- 5675495-5678683	42.02
2L_5683993_5685396 2L+ 5683993-5685396	38.53
2L_5692775_5698078 2L+ 5692775-5698078	43.17
2L_5719253_5720540 2L- 5719253-5720540	46.66
2L_5756079_5758018 2L- 5756079-5758018	35.82
2L_5820407_5824442 2L+ 5820407-5824442	38.68
2L_5927651_5933691 2L+ 5927651-5933691	38.67
2L_5940391_5947035 2L+ 5940391-5947035	41.93
2L_5951967_5956214 2L- 5951967-5956214	42.56
2L_5958095_5974946 2L- 5958095-5974946	44.34
2L_6007112_6020037 2L- 6007112-6020037	41.95
2L_6022836_6024089 2L- 6022836-6024089	40.35
2L_6026471_6046470 2L- 6026471-6046470	42.87
2L_6320868_6328686 2L- 6320868-6328686	45.63
2L_6375312_6384197 2L+ 6375312-6384197	41.87
2L_6482879_6484106 2L+ 6482879-6484106	46.91
2L_6529771_6531037 2L- 6529771-6531037	39.31
2L_6580171_6595543 2L+ 6580171-6595543	41.90
2L_6613695_6626254 2L+ 6613695-6626254	41.11
2L_6918353_6931975 2L- 6918353-6931975	40.50
2L_6933142_6937855 2L+ 6933142-6937855	36.06
2L_7042457_7062456 2L- 7042457-7062456	42.20
2L_7077031_7093247 2L- 7077031-7093247	43.07
2L_7105856_7117034 2L- 7105856-7117034	41.84
2L_7188056_7191097 2L+ 7188056-7191097	35.40
2L_7216914_7220264 2L+ 7216914-7220264	36.79
2L_7335915_7355914 2L- 7335915-7355914	39.83
2L_7370658_7390657 2L+ 7370658-7390657	40.04
2L_7487988_7489336 2L+ 7487988-7489336	36.84
2L_7491273_7492673 2L+ 7491273-7492673	38.76
2L_7494291_7497453 2L- 7494291-7497453	40.63
2L_7524349_7525512 2L- 7524349-7525512	29.64
2L_7588075_7590751 2L- 7588075-7590751	35.00
2L_8060516_8064813 2L- 8060516-8064813	41.72
2L_8072099_8073258 2L- 8072099-8073258	39.91
2L_8077821_8078880 2L- 8077821-8078880	30.09
2L_8259507_8260602 2L- 8259507-8260602	32.21
2L_8452359_8457810 2L+ 8452359-8457810	39.49
2L_8459732_8470841 2L- 8459732-8470841	41.84
2L_8499859_8519858 2L- 8499859-8519858	43.29
2L_8535855_8537218 2L+ 8535855-8537218	36.22
2L_8539019_8546245 2L+ 8539019-8546245	43.79
2L_8548581_8567627 2L- 8548581-8567627	43.49
2L_8575373_8595372 2L- 8575373-8595372	41.82
2L_8598445_8604025 2L+ 8598445-8604025	38.43
2L_8657762_8659180 2L- 8657762-8659180	31.71
2L_8681941_8683396 2L+ 8681941-8683396	39.70
2L_8706005_8708352 2L+ 8706005-8708352	37.95
2L_8712956_8722349 2L- 8712956-8722349	39.46
2L_8727085_8747084 2L+ 8727085-8747084	42.36
2L_8769838_8774835 2L+ 8769838-8774835	40.96
2L_8777134_8781906 2L- 8777134-8781906	36.79
2L_8796896_8804482 2L+ 8796896-8804482	41.54
2L_8812535_8823382 2L+ 8812535-8823382	38.05
2L_8992683_9012682 2L+ 8992683-9012682	42.05
2L_9037875_9041155 2L+ 9037875-9041155	40.38
2L_9044490_9060131 2L- 9044490-9060131	41.27
2L_9154114_9174113 2L+ 9154114-9174113	40.48
2L_9265724_9267161 2L+ 9265724-9267161	43.88
2L_9269679_9272082 2L+ 9269679-9272082	42.10
2L_9275381_9281332 2L- 9275381-9281332	46.40
2L_9284315_9290737 2L- 9284315-9290737	43.16
2L_9308271_9316214 2L+ 9308271-9316214	42.60
2L_9433049_9440329 2L- 9433049-9440329	42.67
2L_9666806_9670487 2L- 9666806-9670487	39.38
2L_9673152_9674697 2L- 9673152-9674697	41.27
2L_9708526_9716667 2L+ 9708526-9716667	45.48
2L_9720257_9722496 2L- 9720257-9722496	43.62
2L_9729744_9739226 2L- 9729744-9739226	42.99
2L_9741762_9743295 2L+ 9741762-9743295	45.37
2L_9858336_9859630 2L+ 9858336-9859630	37.76
2L_10153831_10155465 2L- 10153831-10155465	38.72
2L_10220737_10227917 2L- 10220737-10227917	41.67
2L_10330160_10332905 2L+ 10330160-10332905	40.57
2L_10334668_10336748 2L- 10334668-10336748	42.96
2L_10347161_10352305 2L+ 10347161-10352305	38.72
2L_10365646_10368243 2L- 10365646-10368243	42.19
2L_10382230_10399260 2L- 10382230-10399260	39.58
2L_10432796_10436630 2L- 10432796-10436630	43.91
2L_10540068_10544126 2L+ 10540068-10544126	40.11
2L_10545961_10553355 2L+ 10545961-10553355	43.22
2L_10556759_10567570 2L+ 10556759-10567570	40.93
2L_10569728_10573345 2L+ 10569728-10573345	36.79
2L_10578535_10583702 2L+ 10578535-10583702	40.77
2L_10729906_10732904 2L- 10729906-10732904	45.48
2L_10739709_10740812 2L+ 10739709-10740812	39.67
2L_10840393_10855392 2L+ 10840393-10855392	41.93
2L_10957163_10977162 2L+ 10957163-10977162	43.00
2L_10995712_11010205 2L+ 10995712-11010205	39.32
2L_11026012_11041446 2L+ 11026012-11041446	43.71
2L_11108087_11128086 2L+ 11108087-11128086	41.54
2L_11140844_11149644 2L+ 11140844-11149644	42.45
2L_11153943_11157270 2L+ 11153943-11157270	35.70
2L_11199834_11219833 2L+ 11199834-11219833	40.63
2L_11270621_11288189 2L- 11270621-11288189	41.80
2L_11293268_11294356 2L- 11293268-11294356	40.40
2L_11307827_11322279 2L+ 11307827-11322279	41.17
2L_11326493_11337712 2L+ 11326493-11337712	43.30
2L_11340013_11356824 2L- 11340013-11356824	39.69
2L_11358683_11375137 2L- 11358683-11375137	39.50
2L_11381526_11389252 2L+ 11381526-11389252	40.53
2L_11391562_11395463 2L- 11391562-11395463	38.21
2L_11400592_11420591 2L+ 11400592-11420591	39.45
2L_11572073_11575740 2L- 11572073-11575740	40.35
2L_11581176_11585158 2L+ 11581176-11585158	37.11
2L_11650237_11655652 2L+ 11650237-11655652	40.32
2L_11696228_11697581 2L+ 11696228-11697581	33.60
2L_11734310_11735614 2L- 11734310-11735614	43.60
2L_11755817_11759452 2L- 11755817-11759452	38.23
2L_11762805_11764283 2L+ 11762805-11764283	36.31
2L_11957256_11960517 2L+ 11957256-11960517	39.09
2L_12164552_12168269 2L- 12164552-12168269	37.41
2L_12169868_12177056 2L- 12169868-12177056	37.71
2L_12194414_12204020 2L+ 12194414-12204020	37.84
2L_12242185_12262184 2L- 12242185-12262184	40.18
2L_12296756_12299789 2L- 12296756-12299789	39.35
2L_12345742_12360527 2L+ 12345742-12360527	41.38
2L_12375400_12395399 2L+ 12375400-12395399	39.76
2L_12413459_12418915 2L+ 12413459-12418915	40.88
2L_12456270_12476269 2L- 12456270-12476269	42.43
2L_12522921_12542920 2L- 12522921-12542920	40.08
2L_12549504_12554874 2L- 12549504-12554874	41.02
2L_12562819_12574779 2L+ 12562819-12574779	41.81
2L_12642199_12660042 2L- 12642199-12660042	40.72
2L_12691815_12700687 2L+ 12691815-12700687	38.16
2L_12703084_12711788 2L+ 12703084-12711788	41.39
2L_12717011_12723475 2L+ 12717011-12723475	41.08
2L_12725672_12739837 2L- 12725672-12739837	38.63
2L_12807238_12808354 2L- 12807238-12808354	29.72
2L_12910174_12925687 2L- 12910174-12925687	39.20
2L_13199717_13212692 2L- 13199717-13212692	39.96
2L_13220901_13223988 2L+ 13220901-13223988	41.35
2L_13265252_13268962 2L+ 13265252-13268962	40.20
2L_13271461_13283297 2L- 13271461-13283297	39.82
2L_13285148_13294584 2L- 13285148-13294584	41.27
2L_13295844_13299236 2L- 13295844-13299236	41.14
2L_13301623_13317163 2L+ 13301623-13317163	38.50
2L_13451284_13452406 2L+ 13451284-13452406	36.60
2L_13539818_13545682 2L+ 13539818-13545682	41.64
2L_13559271_13565043 2L+ 13559271-13565043	38.96
2L_13570617_13578369 2L- 13570617-13578369	41.29
2L_13723256_13726360 2L- 13723256-13726360	38.33
2L_13794558_13804571 2L+ 13794558-13804571	40.37
2L_14047509_14062185 2L+ 14047509-14062185	42.58
2L_14103859_14123858 2L- 14103859-14123858	43.26
2L_14128023_14138334 2L- 14128023-14138334	43.37
2L_14218304_14235149 2L+ 14218304-14235149	37.68
2L_14237602_14241135 2L+ 14237602-14241135	40.86
2L_14244270_14253399 2L+ 14244270-14253399	39.99
2L_14259972_14264821 2L+ 14259972-14264821	42.45
2L_14271340_14285297 2L- 14271340-14285297	39.45
2L_14295794_14299452 2L- 14295794-14299452	37.77
2L_14301559_14307202 2L+ 14301559-14307202	36.75
2L_14314499_14320215 2L- 14314499-14320215	38.03
2L_14323551_14328141 2L- 14323551-14328141	41.56
2L_14330041_14331057 2L+ 14330041-14331057	43.26
2L_14335643_14355642 2L- 14335643-14355642	39.66
2L_14373878_14391616 2L+ 14373878-14391616	38.73
2L_14405465_14425464 2L- 14405465-14425464	39.48
2L_14492871_14495329 2L+ 14492871-14495329	38.59
2L_14510549_14517772 2L+ 14510549-14517772	36.97
2L_14526044_14528405 2L- 14526044-14528405	41.66
2L_14556256_14557357 2L+ 14556256-14557357	42.74
2L_14610199_14621022 2L+ 14610199-14621022	40.01
2L_14652307_14672306 2L+ 14652307-14672306	42.83
2L_14728763_14739418 2L- 14728763-14739418	40.43
2L_14742658_14754282 2L+ 14742658-14754282	40.12
2L_14872095_14873257 2L- 14872095-14873257	41.96
2L_14875139_14884019 2L- 14875139-14884019	43.07
2L_14886064_14890433 2L+ 14886064-14890433	41.44
2L_14893692_14896732 2L- 14893692-14896732	43.74
2L_14899285_14916671 2L- 14899285-14916671	40.76
2L_14918649_14931763 2L- 14918649-14931763	41.72
2L_14936822_14956821 2L+ 14936822-14956821	40.48
2L_14966303_14986302 2L+ 14966303-14986302	41.28
2L_14993735_15012639 2L- 14993735-15012639	41.84
2L_15017451_15021278 2L- 15017451-15021278	43.44
2L_15024562_15031367 2L+ 15024562-15031367	42.65
2L_15034293_15039535 2L- 15034293-15039535	42.25
2L_15044160_15064159 2L+ 15044160-15064159	42.95
2L_15069737_15074936 2L+ 15069737-15074936	44.65
2L_15076810_15089678 2L+ 15076810-15089678	42.88
2L_15116997_15136996 2L+ 15116997-15136996	41.46
2L_15140037_15141224 2L- 15140037-15141224	41.25
2L_15203158_15206315 2L+ 15203158-15206315	40.53
2L_15208805_15212788 2L+ 15208805-15212788	43.20
2L_15217559_15228863 2L- 15217559-15228863	40.65
2L_15313192_15315878 2L- 15313192-15315878	37.03
2L_15317254_15323632 2L- 15317254-15323632	39.07
2L_15330789_15348864 2L+ 15330789-15348864	38.47
2L_15352967_15372562 2L+ 15352967-15372562	37.06
2L_15404633_15415385 2L- 15404633-15415385	36.72
2L_15419311_15420982 2L- 15419311-15420982	42.88
2L_15422400_15425913 2L- 15422400-15425913	42.49
2L_15441516_15443240 2L+ 15441516-15443240	36.64
2L_15500791_15516943 2L+ 15500791-15516943	41.06
2L_15518638_15538375 2L- 15518638-15538375	38.89
2L_15620838_15633592 2L+ 15620838-15633592	40.00
2L_15643894_15663893 2L- 15643894-15663893	39.59
2L_15675001_15695000 2L+ 15675001-15695000	37.67
2L_15718170_15736555 2L- 15718170-15736555	38.71
2L_15741306_15758347 2L- 15741306-15758347	38.00
2L_15882896_15890870 2L- 15882896-15890870	36.14
2L_15893035_15913034 2L- 15893035-15913034	38.24
2L_15915502_15925674 2L- 15915502-15925674	40.91
2L_16288665_16293932 2L- 16288665-16293932	35.82
2L_16443770_16463769 2L+ 16443770-16463769	40.48
2L_16468565_16481745 2L- 16468565-16481745	39.45
2L_16484008_16490832 2L- 16484008-16490832	40.31
2L_16512484_16515657 2L- 16512484-16515657	41.49
2L_16525367_16530010 2L+ 16525367-16530010	39.15
2L_16539219_16559218 2L+ 16539219-16559218	39.05
2L_16576252_16596251 2L- 16576252-16596251	38.91
2L_16616173_16636172 2L- 16616173-16636172	39.36
2L_16646514_16650487 2L+ 16646514-16650487	38.98
2L_16686871_16688366 2L- 16686871-16688366	35.49
2L_16696437_16699448 2L+ 16696437-16699448	40.60
2L_16772291_16792290 2L+ 16772291-16792290	38.80
2L_16794552_16797216 2L+ 16794552-16797216	39.74
2L_16799308_16816008 2L+ 16799308-16816008	39.53
2L_16819208_16825225 2L- 16819208-16825225	37.25
2L_16870619_16872735 2L+ 16870619-16872735	35.99
2L_16939550_16952862 2L- 16939550-16952862	49.76
2L_17053098_17061287 2L- 17053098-17061287	39.73
2L_17062970_17074103 2L+ 17062970-17074103	37.41
2L_17076562_17086243 2L+ 17076562-17086243	38.77
2L_17087325_17094319 2L+ 17087325-17094319	38.47
2L_17095392_17108729 2L- 17095392-17108729	41.30
2L_17112868_17114174 2L- 17112868-17114174	28.92
2L_17148774_17164064 2L- 17148774-17164064	40.28
2L_17165922_17167152 2L- 17165922-17167152	38.10
2L_17274579_17294578 2L+ 17274579-17294578	38.77
2L_17393002_17413001 2L+ 17393002-17413001	38.97
2L_17436603_17456602 2L- 17436603-17456602	39.32
2L_17490241_17493149 2L- 17490241-17493149	39.46
2L_17496201_17497388 2L+ 17496201-17497388	35.35
2L_17499457_17513456 2L+ 17499457-17513456	41.40
2L_17593693_17596685 2L- 17593693-17596685	40.66
2L_17599210_17602572 2L- 17599210-17602572	40.14
2L_17605245_17618720 2L+ 17605245-17618720	40.14
2L_17621478_17625404 2L+ 17621478-17625404	37.51
2L_17783486_17791432 2L- 17783486-17791432	40.80
2L_17793349_17797132 2L+ 17793349-17797132	40.33
2L_17805106_17810163 2L- 17805106-17810163	42.15
2L_17822029_17842028 2L+ 17822029-17842028	49.05
2L_17934369_17954368 2L- 17934369-17954368	38.95
2L_18026447_18030902 2L- 18026447-18030902	39.47
2L_18035648_18038804 2L+ 18035648-18038804	38.55
2L_18119218_18120406 2L+ 18119218-18120406	41.72
2L_18180317_18182047 2L- 18180317-18182047	42.40
2L_18258507_18278506 2L- 18258507-18278506	43.59
2L_18309564_18321018 2L+ 18309564-18321018	42.71
2L_18330852_18335189 2L+ 18330852-18335189	40.13
2L_18460756_18462228 2L+ 18460756-18462228	41.28
2L_18529208_18539697 2L- 18529208-18539697	47.74
2L_18541527_18544490 2L+ 18541527-18544490	49.90
2L_18732620_18752619 2L+ 18732620-18752619	43.64
2L_18771342_18777162 2L+ 18771342-18777162	40.75
2L_18784021_18804020 2L+ 18784021-18804020	43.90
2L_18818168_18838167 2L+ 18818168-18838167	43.91
2L_18869384_18876581 2L+ 18869384-18876581	43.66
2L_18953898_18959344 2L- 18953898-18959344	41.75
2L_19051507_19053707 2L+ 19051507-19053707	38.80
2L_19470910_19477264 2L+ 19470910-19477264	41.70
2L_19578359_19579958 2L+ 19578359-19579958	45.44
2L_19583615_19592686 2L- 19583615-19592686	43.53
2L_19606193_19626192 2L+ 19606193-19626192	43.59
2L_19670029_19690028 2L- 19670029-19690028	40.72
2L_19698225_19704848 2L+ 19698225-19704848	42.48
2L_19706931_19712143 2L- 19706931-19712143	45.04
2L_19714159_19732710 2L+ 19714159-19732710	43.71
2L_19736289_19741548 2L- 19736289-19741548	41.94
2L_19796209_19801600 2L+ 19796209-19801600	42.79
2L_19804821_19806777 2L- 19804821-19806777	46.76
2L_20135762_20144480 2L- 20135762-20144480	43.96
2L_20180621_20182811 2L+ 20180621-20182811	39.34
2L_20195654_20199658 2L- 20195654-20199658	40.77
2L_20234173_20236911 2L+ 20234173-20236911	44.43
2L_20250481_20252324 2L+ 20250481-20252324	37.69
2L_20345898_20365897 2L- 20345898-20365897	42.96
2L_20723138_20734111 2L+ 20723138-20734111	37.71
2L_20742565_20746404 2L+ 20742565-20746404	33.49
2L_21081686_21098711 2L+ 21081686-21098711	42.55
2L_21102598_21109486 2L+ 21102598-21109486	45.13
2L_21115597_21135596 2L- 21115597-21135596	41.90
2L_21141956_21143900 2L- 21141956-21143900	39.90
2L_21147060_21148710 2L- 21147060-21148710	36.71
2L_21151733_21154973 2L- 21151733-21154973	38.69
2L_21182873_21202872 2L- 21182873-21202872	42.10
2L_21227659_21247658 2L+ 21227659-21247658	39.67
2L_21268198_21269998 2L+ 21268198-21269998	42.64
2L_21277021_21285019 2L- 21277021-21285019	37.69
2L_21288239_21294754 2L+ 21288239-21294754	40.32
2L_21296528_21307221 2L- 21296528-21307221	40.06
2L_21309399_21326830 2L- 21309399-21326830	40.39
2L_21497351_21498649 2L+ 21497351-21498649	32.26
2L_21699845_21708048 2L- 21699845-21708048	38.88
2L_21979689_21999688 2L- 21979689-21999688	41.62
2L_22235668_22253862 2L- 22235668-22253862	46.86
2L_22442660_22447994 2L+ 22442660-22447994	33.95
2L_22939655_22959654 2L+ 22939655-22959654	41.34
2L_23423489_23424689 2L+ 23423489-23424689	35.89
2R_68004_69740 2R+ 68004-69740	35.12
2R_149493_155368 2R- 149493-155368	34.16
2R_157021_174673 2R- 157021-174673	42.70
2R_1197105_1215301 2R+ 1197105-1215301	47.13
2R_1280216_1299526 2R+ 1280216-1299526	40.26
2R_1312974_1318308 2R+ 1312974-1318308	33.95
2R_1474863_1492222 2R- 1474863-1492222	42.84
2R_1612359_1620653 2R- 1612359-1620653	44.68
2R_1724257_1744256 2R+ 1724257-1744256	42.10
2R_2038168_2052700 2R- 2038168-2052700	40.54
2R_2254610_2256611 2R- 2254610-2256611	45.05
2R_2318211_2325897 2R+ 2318211-2325897	43.02
2R_2351374_2370926 2R+ 2351374-2370926	43.91
2R_2623903_2631183 2R+ 2623903-2631183	35.30
2R_2710202_2722586 2R+ 2710202-2722586	42.91
2R_2725523_2734174 2R+ 2725523-2734174	40.01
2R_2767696_2787261 2R+ 2767696-2787261	40.91
2R_2789688_2796444 2R+ 2789688-2796444	37.90
2R_2934398_2935504 2R+ 2934398-2935504	35.50
2R_2958125_2964065 2R+ 2958125-2964065	44.00
2R_3090263_3091575 2R- 3090263-3091575	36.02
2R_3373195_3374390 2R- 3373195-3374390	28.51
2R_3552514_3559900 2R+ 3552514-3559900	46.73
2R_3571321_3572665 2R+ 3571321-3572665	50.48
2R_3576007_3580669 2R+ 3576007-3580669	41.11
2R_3642237_3644760 2R+ 3642237-3644760	47.54
2R_3735663_3736786 2R- 3735663-3736786	41.90
2R_3760370_3761607 2R- 3760370-3761607	34.01
2R_3803712_3805153 2R+ 3803712-3805153	42.16
2R_3811771_3818186 2R- 3811771-3818186	45.11
2R_3821227_3841226 2R- 3821227-3841226	43.66
2R_3947374_3955963 2R+ 3947374-3955963	47.05
2R_3965892_3968529 2R- 3965892-3968529	45.30
2R_4123443_4132215 2R- 4123443-4132215	44.55
2R_4238208_4258207 2R- 4238208-4258207	50.09
2R_4596509_4599627 2R- 4596509-4599627	44.89
2R_4725995_4740931 2R- 4725995-4740931	43.61
2R_4951699_4953981 2R+ 4951699-4953981	45.95
2R_4955733_4959128 2R+ 4955733-4959128	41.81
2R_4962433_4963792 2R- 4962433-4963792	48.16
2R_4994264_5014263 2R- 4994264-5014263	43.03
2R_5119894_5122032 2R- 5119894-5122032	46.42
2R_5130640_5131693 2R- 5130640-5131693	38.33
2R_5259199_5263686 2R- 5259199-5263686	41.38
2R_5283364_5288670 2R+ 5283364-5288670	43.94
2R_5330932_5335321 2R- 5330932-5335321	41.85
2R_5341891_5348118 2R+ 5341891-5348118	45.10
2R_5401307_5402409 2R- 5401307-5402409	43.52
2R_5407097_5408627 2R+ 5407097-5408627	41.08
2R_5465613_5485612 2R- 5465613-5485612	45.20
2R_5490713_5494351 2R- 5490713-5494351	41.88
2R_5638150_5640522 2R- 5638150-5640522	44.33
2R_5683089_5689325 2R- 5683089-5689325	42.50
2R_5728365_5736205 2R+ 5728365-5736205	44.52
2R_5759520_5765786 2R+ 5759520-5765786	45.49
2R_5890836_5894472 2R+ 5890836-5894472	46.88
2R_5900624_5907733 2R- 5900624-5907733	43.77
2R_5908957_5917191 2R+ 5908957-5917191	44.46
2R_5937627_5941510 2R- 5937627-5941510	41.81
2R_6070520_6071586 2R- 6070520-6071586	41.52
2R_6099764_6103042 2R- 6099764-6103042	41.93
2R_6163002_6165903 2R+ 6163002-6165903	40.45
2R_6357303_6360847 2R+ 6357303-6360847	37.72
2R_6366903_6376814 2R+ 6366903-6376814	42.66
2R_6411299_6413523 2R+ 6411299-6413523	42.34
2R_6415489_6418537 2R- 6415489-6418537	44.24
2R_6472588_6475897 2R- 6472588-6475897	44.47
2R_6527869_6528875 2R- 6527869-6528875	38.73
2R_6568572_6570573 2R+ 6568572-6570573	43.21
2R_6636941_6639959 2R- 6636941-6639959	48.56
2R_6645029_6652527 2R- 6645029-6652527	48.91
2R_6739409_6740808 2R- 6739409-6740808	43.71
2R_6847264_6851184 2R- 6847264-6851184	40.02
2R_6893383_6894901 2R- 6893383-6894901	43.98
2R_6968634_6969663 2R+ 6968634-6969663	42.82
2R_7283160_7298509 2R- 7283160-7298509	41.68
2R_7424793_7426023 2R- 7424793-7426023	42.40
2R_7527381_7531585 2R+ 7527381-7531585	41.40
2R_7534619_7538053 2R- 7534619-7538053	43.26
2R_7543893_7563892 2R- 7543893-7563892	42.92
2R_7576670_7596669 2R- 7576670-7596669	44.59
2R_7711234_7723922 2R+ 7711234-7723922	40.40
2R_7729451_7737114 2R- 7729451-7737114	41.15
2R_7869844_7872245 2R+ 7869844-7872245	39.22
2R_7883408_7885094 2R+ 7883408-7885094	38.53
2R_7925094_7928495 2R- 7925094-7928495	44.80
2R_7950746_7952267 2R+ 7950746-7952267	33.51
2R_7969500_7970812 2R- 7969500-7970812	41.43
2R_7995102_8002139 2R+ 7995102-8002139	40.48
2R_8057342_8066243 2R- 8057342-8066243	40.73
2R_8099891_8115421 2R+ 8099891-8115421	43.89
2R_8134733_8154732 2R- 8134733-8154732	42.97
2R_8321372_8324484 2R- 8321372-8324484	39.19
2R_8328140_8348139 2R+ 8328140-8348139	40.96
2R_8508669_8528668 2R- 8508669-8528668	41.26
2R_8583497_8592331 2R- 8583497-8592331	42.85
2R_8611383_8613686 2R+ 8611383-8613686	41.93
2R_8793847_8801362 2R+ 8793847-8801362	43.87
2R_8808220_8817404 2R+ 8808220-8817404	42.37
2R_8823602_8833815 2R- 8823602-8833815	38.01
2R_8839189_8847608 2R- 8839189-8847608	40.81
2R_8973964_8975278 2R+ 8973964-8975278	40.15
2R_8977773_8978944 2R+ 8977773-8978944	44.11
2R_8992506_8994611 2R- 8992506-8994611	40.50
2R_9005133_9006560 2R- 9005133-9006560	40.48
2R_9119476_9124610 2R- 9119476-9124610	39.59
2R_9289528_9296354 2R- 9289528-9296354	42.83
2R_9298340_9302232 2R+ 9298340-9302232	40.77
2R_9404330_9415910 2R- 9404330-9415910	40.71
2R_9465357_9481264 2R+ 9465357-9481264	45.44
2R_9521573_9532068 2R- 9521573-9532068	40.38
2R_9547975_9560546 2R+ 9547975-9560546	37.65
2R_9562267_9563549 2R- 9562267-9563549	32.81
2R_9584988_9604987 2R+ 9584988-9604987	40.06
2R_9618053_9622725 2R- 9618053-9622725	39.78
2R_9636717_9637867 2R+ 9636717-9637867	47.70
2R_9645638_9664775 2R+ 9645638-9664775	45.85
2R_9666729_9681756 2R- 9666729-9681756	45.32
2R_9685852_9686913 2R+ 9685852-9686913	45.67
2R_9797745_9801380 2R- 9797745-9801380	39.27
2R_9901075_9908917 2R- 9901075-9908917	44.29
2R_9910891_9930890 2R+ 9910891-9930890	43.12
2R_9933921_9944552 2R+ 9933921-9944552	44.41
2R_9955514_9962055 2R- 9955514-9962055	43.67
2R_10083900_10087433 2R+ 10083900-10087433	37.63
2R_10110902_10121210 2R+ 10110902-10121210	40.84
2R_10152047_10154694 2R+ 10152047-10154694	39.73
2R_10156793_10158691 2R- 10156793-10158691	37.55
2R_10160278_10172916 2R+ 10160278-10172916	42.97
2R_10325425_10329445 2R+ 10325425-10329445	42.10
2R_10335338_10343518 2R- 10335338-10343518	42.26
2R_10356264_10359054 2R+ 10356264-10359054	48.37
2R_10360600_10361822 2R- 10360600-10361822	42.85
2R_10363367_10369730 2R+ 10363367-10369730	41.11
2R_10804268_10805890 2R+ 10804268-10805890	47.13
2R_10808154_10809771 2R- 10808154-10809771	40.42
2R_10899253_10903960 2R+ 10899253-10903960	40.29
2R_10983233_10987736 2R- 10983233-10987736	41.98
2R_10990260_11002358 2R- 10990260-11002358	42.43
2R_11063051_11068125 2R+ 11063051-11068125	43.47
2R_11102204_11113084 2R- 11102204-11113084	39.76
2R_11214680_11219957 2R- 11214680-11219957	41.27
2R_11222039_11229237 2R- 11222039-11229237	43.55
2R_11231830_11235318 2R+ 11231830-11235318	40.53
2R_11237210_11246759 2R+ 11237210-11246759	40.66
2R_11249702_11254224 2R- 11249702-11254224	40.81
2R_11306586_11326585 2R- 11306586-11326585	40.70
2R_11390344_11398805 2R+ 11390344-11398805	40.56
2R_11401312_11408077 2R- 11401312-11408077	38.87
2R_11411247_11422870 2R+ 11411247-11422870	41.40
2R_11425019_11432983 2R+ 11425019-11432983	42.75
2R_11646095_11666094 2R+ 11646095-11666094	42.07
2R_11708576_11713213 2R- 11708576-11713213	41.29
2R_11755470_11756918 2R+ 11755470-11756918	42.72
2R_11799085_11805401 2R+ 11799085-11805401	39.70
2R_11886965_11888095 2R+ 11886965-11888095	40.32
2R_12045491_12046914 2R- 12045491-12046914	38.06
2R_12060903_12063321 2R- 12060903-12063321	42.54
2R_12102698_12107448 2R+ 12102698-12107448	41.42
2R_12136187_12156186 2R+ 12136187-12156186	44.53
2R_12255738_12264675 2R- 12255738-12264675	45.05
2R_12266787_12280557 2R- 12266787-12280557	44.48
2R_12390872_12400405 2R- 12390872-12400405	48.20
2R_12620923_12622247 2R- 12620923-12622247	42.79
2R_12855714_12863598 2R- 12855714-12863598	44.67
2R_12906051_12910577 2R- 12906051-12910577	42.13
2R_12921649_12936881 2R- 12921649-12936881	43.34
2R_12999948_13006336 2R- 12999948-13006336	43.48
2R_13011593_13024684 2R+ 13011593-13024684	42.44
2R_13026422_13029508 2R+ 13026422-13029508	43.15
2R_13032869_13049015 2R- 13032869-13049015	42.74
2R_13102719_13111591 2R+ 13102719-13111591	40.98
2R_13164525_13167173 2R- 13164525-13167173	34.99
2R_13292176_13295417 2R- 13292176-13295417	41.05
2R_13297707_13303139 2R- 13297707-13303139	41.30
2R_13397384_13400957 2R+ 13397384-13400957	42.50
2R_13454961_13456220 2R+ 13454961-13456220	44.92
2R_13461347_13481346 2R+ 13461347-13481346	41.47
2R_13518631_13521850 2R+ 13518631-13521850	41.83
2R_13523358_13531567 2R- 13523358-13531567	38.17
2R_13672792_13676281 2R- 13672792-13676281	44.38
2R_13712833_13716531 2R+ 13712833-13716531	41.20
2R_13742637_13749619 2R+ 13742637-13749619	41.37
2R_13751109_13761132 2R- 13751109-13761132	39.30
2R_13919115_13921695 2R- 13919115-13921695	44.21
2R_13929085_13933487 2R- 13929085-13933487	40.74
2R_13950099_13951850 2R+ 13950099-13951850	43.78
2R_14173211_14181781 2R- 14173211-14181781	40.52
2R_14254578_14256395 2R+ 14254578-14256395	39.33
2R_14463461_14483460 2R- 14463461-14483460	40.82
2R_14489505_14507237 2R- 14489505-14507237	42.56
2R_14589620_14594088 2R- 14589620-14594088	37.30
2R_14717715_14731811 2R+ 14717715-14731811	43.04
2R_14735543_14755542 2R- 14735543-14755542	44.05
2R_14901045_14903040 2R- 14901045-14903040	39.83
2R_14967413_14968601 2R- 14967413-14968601	40.71
2R_15003743_15008186 2R+ 15003743-15008186	43.56
2R_15010649_15019245 2R+ 15010649-15019245	42.61
2R_15054584_15058726 2R+ 15054584-15058726	43.95
2R_15163874_15168023 2R- 15163874-15168023	40.48
2R_15268455_15273877 2R- 15268455-15273877	40.48
2R_15307869_15309829 2R- 15307869-15309829	43.50
2R_15369699_15389698 2R- 15369699-15389698	40.57
2R_15415033_15435032 2R- 15415033-15435032	41.82
2R_15450617_15460116 2R- 15450617-15460116	42.68
2R_15500877_15513601 2R+ 15500877-15513601	41.61
2R_15525308_15527072 2R- 15525308-15527072	43.74
2R_15529092_15546821 2R- 15529092-15546821	42.91
2R_15548558_15551019 2R+ 15548558-15551019	42.85
2R_15553702_15558824 2R+ 15553702-15558824	39.29
2R_15738940_15743658 2R- 15738940-15743658	41.94
2R_15748496_15753272 2R- 15748496-15753272	43.08
2R_15757620_15770021 2R- 15757620-15770021	41.89
2R_16137663_16141670 2R+ 16137663-16141670	38.27
2R_16143525_16146909 2R+ 16143525-16146909	43.28
2R_16163202_16168954 2R- 16163202-16168954	40.90
2R_16174474_16176223 2R- 16174474-16176223	39.77
2R_16191851_16197731 2R+ 16191851-16197731	39.33
2R_16307781_16316836 2R- 16307781-16316836	42.95
2R_16319870_16321362 2R+ 16319870-16321362	42.53
2R_16347004_16367003 2R+ 16347004-16367003	43.68
2R_16379308_16381689 2R- 16379308-16381689	46.64
2R_16411116_16417341 2R- 16411116-16417341	43.58
2R_16420288_16429698 2R- 16420288-16429698	42.92
2R_16508743_16528742 2R- 16508743-16528742	44.03
2R_16541280_16559585 2R- 16541280-16559585	42.61
2R_16595141_16615140 2R- 16595141-16615140	42.29
2R_16636462_16644058 2R- 16636462-16644058	43.50
2R_16645586_16654079 2R+ 16645586-16654079	40.56
2R_16715178_16726507 2R+ 16715178-16726507	42.78
2R_16771279_16776766 2R- 16771279-16776766	43.31
2R_16798017_16818016 2R- 16798017-16818016	43.11
2R_16894683_16914682 2R- 16894683-16914682	42.65
2R_16919751_16925669 2R+ 16919751-16925669	42.24
2R_16927182_16939055 2R- 16927182-16939055	44.21
2R_16953904_16958316 2R+ 16953904-16958316	41.83
2R_17085283_17097613 2R+ 17085283-17097613	43.22
2R_17100011_17104850 2R- 17100011-17104850	41.98
2R_17106631_17110066 2R+ 17106631-17110066	43.63
2R_17160851_17180465 2R+ 17160851-17180465	43.37
2R_17198145_17218144 2R- 17198145-17218144	42.41
2R_17253346_17264135 2R+ 17253346-17264135	44.71
2R_17304509_17309687 2R- 17304509-17309687	42.38
2R_17337598_17343675 2R+ 17337598-17343675	40.95
2R_17346978_17349852 2R- 17346978-17349852	41.77
2R_17351691_17354182 2R- 17351691-17354182	44.14
2R_17361356_17372613 2R+ 17361356-17372613	42.17
2R_17748161_17751568 2R- 17748161-17751568	45.31
2R_17973731_17980125 2R+ 17973731-17980125	46.22
2R_17989146_17997263 2R- 17989146-17997263	45.43
2R_18069968_18071441 2R+ 18069968-18071441	44.98
2R_18123229_18143228 2R- 18123229-18143228	41.82
2R_18158872_18161021 2R- 18158872-18161021	42.37
2R_18163597_18167656 2R- 18163597-18167656	38.97
2R_18169056_18178269 2R- 18169056-18178269	41.21
2R_18181180_18184922 2R- 18181180-18184922	39.06
2R_18193899_18198854 2R+ 18193899-18198854	39.29
2R_18220984_18240983 2R- 18220984-18240983	41.61
2R_18243743_18245482 2R- 18243743-18245482	39.14
2R_18248579_18252643 2R+ 18248579-18252643	37.49
2R_18336150_18344428 2R- 18336150-18344428	41.82
2R_18362243_18366058 2R+ 18362243-18366058	43.40
2R_18386773_18401128 2R- 18386773-18401128	40.54
2R_18421163_18422579 2R- 18421163-18422579	43.05
2R_18424901_18437152 2R+ 18424901-18437152	42.53
2R_18480095_18482733 2R+ 18480095-18482733	41.08
2R_18512890_18517715 2R- 18512890-18517715	37.96
2R_18615249_18624164 2R+ 18615249-18624164	45.17
2R_18667454_18673530 2R+ 18667454-18673530	44.51
2R_18692607_18697285 2R+ 18692607-18697285	43.09
2R_18780491_18781569 2R- 18780491-18781569	41.89
2R_18810216_18830215 2R- 18810216-18830215	44.89
2R_19311356_19318737 2R+ 19311356-19318737	46.25
2R_19323465_19343464 2R+ 19323465-19343464	45.00
2R_19411680_19417840 2R- 19411680-19417840	41.78
2R_19448642_19450075 2R- 19448642-19450075	46.44
2R_19470839_19480158 2R+ 19470839-19480158	42.11
2R_19482481_19486276 2R- 19482481-19486276	42.65
2R_19496676_19503966 2R- 19496676-19503966	41.23
2R_19511035_19518229 2R- 19511035-19518229	43.85
2R_19578061_19597800 2R+ 19578061-19597800	43.58
2R_19600083_19609102 2R- 19600083-19609102	45.22
2R_19613989_19629249 2R- 19613989-19629249	46.62
2R_19641786_19648027 2R- 19641786-19648027	43.51
2R_19652268_19672267 2R+ 19652268-19672267	45.73
2R_19675125_19677360 2R- 19675125-19677360	42.93
2R_19679250_19682467 2R- 19679250-19682467	45.34
2R_19684728_19685936 2R- 19684728-19685936	40.69
2R_19695703_19708106 2R+ 19695703-19708106	45.32
2R_19768927_19772963 2R+ 19768927-19772963	44.91
2R_19793345_19799928 2R- 19793345-19799928	45.40
2R_19802198_19816343 2R+ 19802198-19816343	45.49
2R_19853437_19860127 2R+ 19853437-19860127	44.34
2R_19861961_19863256 2R+ 19861961-19863256	45.91
2R_19969726_19984263 2R- 19969726-19984263	44.59
2R_20006993_20008880 2R- 20006993-20008880	45.34
2R_20150204_20152252 2R+ 20150204-20152252	42.31
2R_20235357_20236688 2R+ 20235357-20236688	34.61
2R_20537175_20539966 2R- 20537175-20539966	45.13
2R_20558010_20569279 2R+ 20558010-20569279	45.20
2R_20592256_20593445 2R+ 20592256-20593445	49.83
2R_20596259_20610835 2R- 20596259-20610835	50.00
2R_20625404_20628073 2R+ 20625404-20628073	50.30
2R_20629577_20631976 2R+ 20629577-20631976	44.88
2R_20640111_20651235 2R+ 20640111-20651235	46.66
2R_20661519_20669114 2R- 20661519-20669114	47.05
2R_20754784_20766376 2R- 20754784-20766376	46.62
2R_20768733_20772033 2R- 20768733-20772033	48.41
2R_20774977_20776185 2R+ 20774977-20776185	48.80
2R_20819277_20820416 2R+ 20819277-20820416	45.88
2R_20824449_20827920 2R+ 20824449-20827920	47.18
2R_21003182_21005582 2R- 21003182-21005582	44.56
2R_21115660_21119506 2R- 21115660-21119506	47.28
2R_21372151_21379230 2R+ 21372151-21379230	44.27
2R_21411069_21431068 2R+ 21411069-21431068	41.27
2R_21437071_21445305 2R- 21437071-21445305	37.55
2R_21447346_21456295 2R- 21447346-21456295	39.51
2R_21459703_21461215 2R- 21459703-21461215	36.62
2R_21466752_21471489 2R+ 21466752-21471489	36.83
2R_21478358_21481179 2R+ 21478358-21481179	32.32
2R_21541557_21542801 2R+ 21541557-21542801	35.66
3L_11093_31092 3L+ 11093-31092	37.52
3L_80881_83087 3L+ 80881-83087	33.80
3L_85009_98704 3L- 85009-98704	40.59
3L_348764_352533 3L+ 348764-352533	46.29
3L_371139_391138 3L+ 371139-391138	43.16
3L_554015_556859 3L+ 554015-556859	49.31
3L_571576_583025 3L+ 571576-583025	42.48
3L_587094_592014 3L- 587094-592014	42.96
3L_623175_631883 3L- 623175-631883	49.02
3L_780858_784502 3L+ 780858-784502	44.22
3L_855013_858077 3L+ 855013-858077	45.55
3L_860011_864281 3L+ 860011-864281	45.70
3L_1051205_1071204 3L+ 1051205-1071204	46.23
3L_1338803_1340967 3L+ 1338803-1340967	47.11
3L_1349187_1353862 3L- 1349187-1353862	47.65
3L_1360464_1380463 3L- 1360464-1380463	47.79
3L_1583005_1597828 3L+ 1583005-1597828	45.70
3L_1716949_1719592 3L+ 1716949-1719592	40.85
3L_1738992_1741577 3L+ 1738992-1741577	41.38
3L_1745217_1749204 3L+ 1745217-1749204	39.99
3L_1752010_1759822 3L+ 1752010-1759822	44.12
3L_1801297_1802692 3L- 1801297-1802692	41.40
3L_1820030_1830026 3L- 1820030-1830026	41.35
3L_1848763_1849770 3L+ 1848763-1849770	44.44
3L_1915258_1928980 3L+ 1915258-1928980	42.26
3L_1938750_1945706 3L+ 1938750-1945706	43.80
3L_2062054_2064778 3L- 2062054-2064778	43.08
3L_2072739_2083158 3L- 2072739-2083158	42.31
3L_2090622_2094404 3L+ 2090622-2094404	42.14
3L_2096496_2108345 3L- 2096496-2108345	43.59
3L_2111009_2126552 3L- 2111009-2126552	44.16
3L_2171001_2173808 3L+ 2171001-2173808	44.73
3L_2176293_2180236 3L+ 2176293-2180236	43.41
3L_2199092_2214000 3L- 2199092-2214000	40.90
3L_2217458_2219043 3L+ 2217458-2219043	39.28
3L_2260245_2264552 3L- 2260245-2264552	43.13
3L_2599697_2604952 3L+ 2599697-2604952	44.44
3L_2762489_2766544 3L+ 2762489-2766544	42.85
3L_2839107_2848009 3L- 2839107-2848009	41.36
3L_2851658_2862038 3L+ 2851658-2862038	40.82
3L_2864039_2868999 3L- 2864039-2868999	41.28
3L_2880179_2882295 3L+ 2880179-2882295	41.80
3L_2885611_2891813 3L- 2885611-2891813	39.95
3L_2894806_2902846 3L+ 2894806-2902846	41.08
3L_2965154_2967394 3L+ 2965154-2967394	40.74
3L_3137692_3140434 3L- 3137692-3140434	44.62
3L_3147024_3148070 3L+ 3147024-3148070	36.39
3L_3149169_3155020 3L+ 3149169-3155020	39.56
3L_3167008_3168038 3L- 3167008-3168038	41.13
3L_3174291_3177202 3L+ 3174291-3177202	39.73
3L_3188213_3191104 3L+ 3188213-3191104	40.77
3L_3277119_3279610 3L+ 3277119-3279610	42.17
3L_3281792_3297449 3L- 3281792-3297449	44.69
3L_3321811_3324470 3L+ 3321811-3324470	42.33
3L_3508523_3511102 3L+ 3508523-3511102	40.58
3L_3512721_3517121 3L- 3512721-3517121	40.15
3L_3546307_3549557 3L+ 3546307-3549557	42.54
3L_3557879_3577878 3L- 3557879-3577878	42.62
3L_3586175_3604726 3L+ 3586175-3604726	42.81
3L_3755754_3763918 3L+ 3755754-3763918	42.42
3L_3857360_3860098 3L+ 3857360-3860098	46.08
3L_3861922_3871059 3L- 3861922-3871059	45.63
3L_3882044_3890713 3L+ 3882044-3890713	42.85
3L_3893017_3906216 3L+ 3893017-3906216	45.33
3L_3930932_3933936 3L- 3930932-3933936	42.80
3L_4128056_4129938 3L+ 4128056-4129938	37.55
3L_4196127_4199131 3L- 4196127-4199131	41.06
3L_4373217_4375388 3L+ 4373217-4375388	43.09
3L_4379223_4380997 3L- 4379223-4380997	39.04
3L_4390973_4398024 3L+ 4390973-4398024	38.26
3L_4400550_4402182 3L- 4400550-4402182	35.09
3L_4412373_4414687 3L- 4412373-4414687	39.61
3L_4420935_4425094 3L- 4420935-4425094	39.42
3L_4436798_4441732 3L- 4436798-4441732	38.54
3L_4454175_4455402 3L+ 4454175-4455402	38.60
3L_4635501_4637192 3L+ 4635501-4637192	37.35
3L_4742029_4747904 3L+ 4742029-4747904	42.85
3L_4846798_4849194 3L+ 4846798-4849194	43.35
3L_4859391_4868399 3L- 4859391-4868399	44.23
3L_5005722_5011211 3L- 5005722-5011211	41.22
3L_5013181_5020387 3L+ 5013181-5020387	39.93
3L_5220413_5240412 3L- 5220413-5240412	40.86
3L_5284630_5288135 3L- 5284630-5288135	40.59
3L_5309281_5329280 3L- 5309281-5329280	38.94
3L_5361279_5381278 3L- 5361279-5381278	39.95
3L_5390543_5403423 3L+ 5390543-5403423	39.12
3L_5436192_5439833 3L+ 5436192-5439833	39.07
3L_5442617_5444188 3L+ 5442617-5444188	35.05
3L_5457740_5465049 3L+ 5457740-5465049	37.14
3L_5515891_5535890 3L+ 5515891-5535890	40.02
3L_5558798_5560322 3L- 5558798-5560322	45.77
3L_5816664_5823681 3L- 5816664-5823681	40.18
3L_5857668_5873616 3L- 5857668-5873616	41.85
3L_5930543_5936702 3L- 5930543-5936702	44.11
3L_5946086_5953287 3L- 5946086-5953287	41.50
3L_5960112_5961153 3L- 5960112-5961153	42.03
3L_6040032_6045777 3L- 6040032-6045777	47.44
3L_6057019_6059721 3L- 6057019-6059721	38.88
3L_6062741_6063844 3L- 6062741-6063844	41.49
3L_6157499_6161914 3L- 6157499-6161914	41.26
3L_6164298_6169398 3L+ 6164298-6169398	41.80
3L_6171358_6174031 3L+ 6171358-6174031	46.07
3L_6177667_6197666 3L- 6177667-6197666	44.37
3L_6217562_6220043 3L- 6217562-6220043	46.70
3L_6247921_6267920 3L- 6247921-6267920	45.68
3L_6273526_6293525 3L+ 6273526-6293525	43.17
3L_6536441_6556440 3L- 6536441-6556440	41.10
3L_6577304_6580650 3L+ 6577304-6580650	41.26
3L_6632142_6649532 3L+ 6632142-6649532	40.52
3L_6703566_6723565 3L- 6703566-6723565	42.27
3L_6770176_6785753 3L+ 6770176-6785753	40.95
3L_6791396_6797325 3L+ 6791396-6797325	40.71
3L_6835585_6837945 3L- 6835585-6837945	40.07
3L_6840053_6844784 3L- 6840053-6844784	42.79
3L_6849597_6852480 3L+ 6849597-6852480	39.98
3L_6941893_6944699 3L+ 6941893-6944699	42.29
3L_6948489_6951888 3L+ 6948489-6951888	40.53
3L_7061984_7081983 3L+ 7061984-7081983	42.36
3L_7124039_7125213 3L+ 7124039-7125213	41.28
3L_7173424_7179301 3L- 7173424-7179301	43.37
3L_7262406_7263580 3L+ 7262406-7263580	36.43
3L_7264882_7281231 3L- 7264882-7281231	39.44
3L_7317857_7323183 3L- 7317857-7323183	41.39
3L_7334894_7342818 3L- 7334894-7342818	40.54
3L_7345816_7348661 3L- 7345816-7348661	41.85
3L_7356486_7357728 3L+ 7356486-7357728	36.12
3L_7359462_7363099 3L+ 7359462-7363099	40.35
3L_7397378_7407479 3L- 7397378-7407479	42.76
3L_7423442_7435512 3L- 7423442-7435512	43.02
3L_7494537_7502396 3L+ 7494537-7502396	42.34
3L_7762371_7780282 3L- 7762371-7780282	39.34
3L_7955485_7957019 3L- 7955485-7957019	42.02
3L_7967532_7972852 3L+ 7967532-7972852	39.88
3L_8006634_8011752 3L- 8006634-8011752	42.41
3L_8019234_8024455 3L+ 8019234-8024455	43.05
3L_8026308_8031442 3L+ 8026308-8031442	43.78
3L_8113901_8115972 3L- 8113901-8115972	43.39
3L_8120730_8123267 3L- 8120730-8123267	42.59
3L_8159010_8169223 3L+ 8159010-8169223	40.92
3L_8221722_8223459 3L- 8221722-8223459	40.85
3L_8433800_8442025 3L+ 8433800-8442025	44.10
3L_8444850_8457250 3L+ 8444850-8457250	43.40
3L_8466689_8486688 3L- 8466689-8486688	42.37
3L_8495769_8500836 3L+ 8495769-8500836	45.48
3L_8528342_8531256 3L+ 8528342-8531256	39.49
3L_8532818_8535612 3L+ 8532818-8535612	39.68
3L_8588777_8603891 3L+ 8588777-8603891	43.50
3L_8780400_8781485 3L+ 8780400-8781485	45.12
3L_8787630_8789547 3L- 8787630-8789547	44.58
3L_8797543_8817542 3L+ 8797543-8817542	43.48
3L_8822685_8824091 3L+ 8822685-8824091	39.37
3L_8947147_8967146 3L+ 8947147-8967146	42.56
3L_8974004_8976033 3L+ 8974004-8976033	37.93
3L_9001004_9011909 3L+ 9001004-9011909	42.55
3L_9042108_9060121 3L- 9042108-9060121	45.64
3L_9062220_9067896 3L- 9062220-9067896	42.10
3L_9069579_9072959 3L- 9069579-9072959	41.02
3L_9078332_9098331 3L+ 9078332-9098331	40.48
3L_9106912_9108105 3L+ 9106912-9108105	36.60
3L_9254666_9256399 3L- 9254666-9256399	36.68
3L_9288457_9290024 3L+ 9288457-9290024	38.65
3L_9295287_9297818 3L- 9295287-9297818	40.96
3L_9300549_9302772 3L+ 9300549-9302772	42.36
3L_9513663_9515819 3L- 9513663-9515819	42.33
3L_9657809_9677808 3L+ 9657809-9677808	40.32
3L_9944708_9952916 3L+ 9944708-9952916	40.99
3L_9963696_9979548 3L+ 9963696-9979548	40.35
3L_9982824_10001138 3L+ 9982824-10001138	41.08
3L_10005386_10007987 3L+ 10005386-10007987	42.24
3L_10057503_10066147 3L- 10057503-10066147	37.64
3L_10120108_10140107 3L+ 10120108-10140107	40.80
3L_10151822_10163938 3L+ 10151822-10163938	38.85
3L_10171972_10191971 3L+ 10171972-10191971	39.21
3L_10204289_10214072 3L+ 10204289-10214072	37.68
3L_10216004_10229509 3L+ 10216004-10229509	37.94
3L_10232572_10246766 3L- 10232572-10246766	37.48
3L_10336741_10356740 3L+ 10336741-10356740	40.26
3L_10454212_10474211 3L- 10454212-10474211	39.50
3L_10541924_10542992 3L+ 10541924-10542992	40.41
3L_10544789_10554343 3L+ 10544789-10554343	39.60
3L_10583845_10588932 3L+ 10583845-10588932	41.29
3L_10592860_10596754 3L+ 10592860-10596754	43.98
3L_10625888_10629669 3L+ 10625888-10629669	35.96
3L_10651639_10671638 3L- 10651639-10671638	43.64
3L_10688337_10708336 3L- 10688337-10708336	43.02
3L_10713301_10720044 3L+ 10713301-10720044	45.34
3L_10748853_10762335 3L+ 10748853-10762335	42.05
3L_10790842_10792750 3L+ 10790842-10792750	40.39
3L_10972744_10985225 3L+ 10972744-10985225	36.22
3L_10989756_10995584 3L+ 10989756-10995584	37.07
3L_11039617_11045856 3L+ 11039617-11045856	40.83
3L_11059479_11079478 3L- 11059479-11079478	38.82
3L_11092459_11112458 3L- 11092459-11112458	40.31
3L_11124459_11144458 3L+ 11124459-11144458	41.48
3L_11150221_11157709 3L+ 11150221-11157709	37.13
3L_11170346_11179571 3L+ 11170346-11179571	39.43
3L_11183197_11186140 3L+ 11183197-11186140	37.50
3L_11189355_11195653 3L+ 11189355-11195653	40.53
3L_11198949_11210363 3L+ 11198949-11210363	41.91
3L_11300892_11306557 3L- 11300892-11306557	39.59
3L_11416671_11421398 3L+ 11416671-11421398	38.90
3L_11635740_11638193 3L+ 11635740-11638193	39.08
3L_11748759_11758810 3L+ 11748759-11758810	42.51
3L_11774146_11779943 3L+ 11774146-11779943	36.58
3L_11792798_11806968 3L- 11792798-11806968	36.73
3L_11860762_11871151 3L- 11860762-11871151	38.54
3L_11886076_11889134 3L+ 11886076-11889134	37.46
3L_11975406_11982282 3L- 11975406-11982282	42.21
3L_11989935_11994954 3L+ 11989935-11994954	42.39
3L_11996330_12003755 3L- 11996330-12003755	41.42
3L_12004926_12022047 3L- 12004926-12022047	43.23
3L_12111816_12115701 3L- 12111816-12115701	46.29
3L_12126831_12129979 3L+ 12126831-12129979	39.82
3L_12133794_12153793 3L+ 12133794-12153793	43.33
3L_12267589_12274479 3L+ 12267589-12274479	40.07
3L_12291302_12304023 3L+ 12291302-12304023	39.23
3L_12317306_12322275 3L+ 12317306-12322275	41.71
3L_12348732_12355005 3L- 12348732-12355005	40.99
3L_12362879_12382878 3L+ 12362879-12382878	42.62
3L_12407075_12427074 3L+ 12407075-12427074	39.82
3L_12557843_12576710 3L+ 12557843-12576710	39.51
3L_12587530_12592982 3L+ 12587530-12592982	39.19
3L_12611595_12631594 3L+ 12611595-12631594	39.08
3L_12651800_12654118 3L+ 12651800-12654118	42.86
3L_12657863_12677862 3L- 12657863-12677862	37.83
3L_12681490_12690179 3L- 12681490-12690179	38.47
3L_12749911_12769910 3L+ 12749911-12769910	42.56
3L_12775236_12788529 3L+ 12775236-12788529	40.95
3L_12790208_12798409 3L- 12790208-12798409	40.81
3L_12803219_12820501 3L+ 12803219-12820501	41.67
3L_12831599_12851598 3L+ 12831599-12851598	42.93
3L_12870724_12890723 3L+ 12870724-12890723	41.44
3L_12903467_12913554 3L- 12903467-12913554	40.09
3L_12987547_12990950 3L- 12987547-12990950	43.45
3L_12997483_13017482 3L+ 12997483-13017482	40.60
3L_13020358_13023372 3L+ 13020358-13023372	41.46
3L_13052479_13072286 3L+ 13052479-13072286	40.28
3L_13085418_13090835 3L- 13085418-13090835	44.76
3L_13096719_13105914 3L+ 13096719-13105914	42.58
3L_13122205_13124488 3L- 13122205-13124488	33.54
3L_13171682_13173535 3L+ 13171682-13173535	34.20
3L_13568735_13571526 3L+ 13568735-13571526	38.61
3L_13599809_13603116 3L- 13599809-13603116	40.66
3L_13752224_13759896 3L- 13752224-13759896	37.86
3L_13764356_13768761 3L- 13764356-13768761	39.38
3L_13774453_13777784 3L- 13774453-13777784	35.77
3L_13809174_13829173 3L- 13809174-13829173	38.95
3L_13844667_13851451 3L+ 13844667-13851451	39.50
3L_13913623_13933622 3L+ 13913623-13933622	39.40
3L_14025094_14036090 3L- 14025094-14036090	40.02
3L_14038523_14055273 3L- 14038523-14055273	37.44
3L_14208637_14212204 3L- 14208637-14212204	37.81
3L_14213938_14227960 3L+ 14213938-14227960	38.10
3L_14245285_14250641 3L- 14245285-14250641	35.78
3L_14256991_14259930 3L- 14256991-14259930	38.47
3L_14525363_14527529 3L+ 14525363-14527529	42.46
3L_14529176_14535556 3L+ 14529176-14535556	41.70
3L_14582149_14602148 3L+ 14582149-14602148	35.78
3L_14604521_14605644 3L- 14604521-14605644	35.50
3L_14842647_14862646 3L+ 14842647-14862646	42.44
3L_14939401_14959400 3L- 14939401-14959400	39.70
3L_14961137_14963948 3L- 14961137-14963948	40.33
3L_14991593_15011592 3L+ 14991593-15011592	39.55
3L_15039277_15059276 3L- 15039277-15059276	38.94
3L_15076653_15096652 3L+ 15076653-15096652	38.44
3L_15100209_15109660 3L- 15100209-15109660	37.01
3L_15111665_15118088 3L- 15111665-15118088	40.33
3L_15140255_15142502 3L- 15140255-15142502	34.70
3L_15286694_15302798 3L- 15286694-15302798	42.02
3L_15316457_15320805 3L- 15316457-15320805	38.95
3L_15371990_15391989 3L+ 15371990-15391989	40.01
3L_15413561_15428904 3L- 15413561-15428904	40.41
3L_15465313_15468791 3L+ 15465313-15468791	37.65
3L_15624048_15628668 3L+ 15624048-15628668	41.14
3L_15776765_15781097 3L- 15776765-15781097	39.10
3L_15784473_15804472 3L- 15784473-15804472	40.38
3L_15810939_15820358 3L+ 15810939-15820358	40.94
3L_15822498_15833212 3L- 15822498-15833212	40.74
3L_15847557_15856356 3L+ 15847557-15856356	42.62
3L_15860141_15862627 3L- 15860141-15862627	39.28
3L_15898980_15901726 3L+ 15898980-15901726	44.74
3L_15903598_15908410 3L+ 15903598-15908410	40.95
3L_15916438_15921334 3L+ 15916438-15921334	40.09
3L_15923286_15925095 3L- 15923286-15925095	38.56
3L_15929366_15930703 3L- 15929366-15930703	41.78
3L_15941834_15946115 3L+ 15941834-15946115	40.94
3L_15967421_15969540 3L- 15967421-15969540	42.26
3L_16147775_16159141 3L- 16147775-16159141	38.84
3L_16161254_16165802 3L+ 16161254-16165802	42.65
3L_16314403_16316101 3L- 16314403-16316101	35.14
3L_16323058_16338931 3L+ 16323058-16338931	38.65
3L_16340213_16349476 3L+ 16340213-16349476	40.77
3L_16420614_16425463 3L+ 16420614-16425463	39.26
3L_16520630_16522387 3L+ 16520630-16522387	44.94
3L_16821871_16826962 3L- 16821871-16826962	43.85
3L_16828518_16831323 3L- 16828518-16831323	40.98
3L_16833709_16837508 3L+ 16833709-16837508	40.08
3L_16877412_16882984 3L- 16877412-16882984	43.35
3L_16894548_16895602 3L+ 16894548-16895602	39.62
3L_16918592_16920869 3L+ 16918592-16920869	39.33
3L_16933629_16953628 3L- 16933629-16953628	49.90
3L_16978843_16984887 3L- 16978843-16984887	40.38
3L_17047376_17054834 3L+ 17047376-17054834	39.98
3L_17129757_17131108 3L+ 17129757-17131108	35.58
3L_17253128_17254605 3L- 17253128-17254605	34.03
3L_17267658_17273491 3L- 17267658-17273491	37.83
3L_17344141_17364140 3L+ 17344141-17364140	39.00
3L_17454922_17456902 3L- 17454922-17456902	37.51
3L_17471745_17482791 3L- 17471745-17482791	37.89
3L_17609033_17615063 3L- 17609033-17615063	39.48
3L_17622871_17628238 3L- 17622871-17628238	39.51
3L_17680768_17686833 3L+ 17680768-17686833	35.49
3L_17734658_17740806 3L+ 17734658-17740806	38.46
3L_17763261_17778099 3L+ 17763261-17778099	37.87
3L_17780526_17788490 3L- 17780526-17788490	39.96
3L_17792212_17794911 3L- 17792212-17794911	39.41
3L_17795034_17798104 3L- 17795034-17798104	40.90
3L_17808281_17828280 3L+ 17808281-17828280	37.80
3L_17844032_17846025 3L- 17844032-17846025	40.67
3L_17888985_17908984 3L+ 17888985-17908984	38.43
3L_17956224_17976223 3L- 17956224-17976223	39.23
3L_17989873_18006243 3L+ 17989873-18006243	38.13
3L_18012324_18017078 3L+ 18012324-18017078	36.68
3L_18018335_18020205 3L- 18018335-18020205	37.09
3L_18021741_18030068 3L+ 18021741-18030068	39.96
3L_18048600_18063689 3L+ 18048600-18063689	38.81
3L_18073317_18093316 3L- 18073317-18093316	38.38
3L_18104240_18105445 3L- 18104240-18105445	33.17
3L_18119020_18120128 3L+ 18119020-18120128	28.40
3L_18213235_18220039 3L+ 18213235-18220039	40.87
3L_18225400_18240144 3L+ 18225400-18240144	41.28
3L_18242789_18262788 3L+ 18242789-18262788	39.41
3L_18360148_18373692 3L+ 18360148-18373692	34.97
3L_18374777_18376472 3L+ 18374777-18376472	36.56
3L_18427942_18430403 3L- 18427942-18430403	39.93
3L_18459714_18463227 3L+ 18459714-18463227	39.87
3L_18473117_18493116 3L- 18473117-18493116	41.28
3L_18558608_18563017 3L- 18558608-18563017	40.86
3L_18615621_18635620 3L- 18615621-18635620	49.22
3L_18659530_18665438 3L+ 18659530-18665438	37.55
3L_18788065_18804663 3L+ 18788065-18804663	40.36
3L_18891629_18893388 3L- 18891629-18893388	35.68
3L_18964929_18984928 3L+ 18964929-18984928	40.77
3L_18997480_19010277 3L+ 18997480-19010277	42.80
3L_19011915_19013057 3L+ 19011915-19013057	36.40
3L_19017996_19025418 3L- 19017996-19025418	43.84
3L_19047506_19057583 3L+ 19047506-19057583	41.90
3L_19069149_19073695 3L- 19069149-19073695	42.42
3L_19099469_19106512 3L+ 19099469-19106512	43.88
3L_19178262_19179495 3L- 19178262-19179495	32.58
3L_19185598_19189202 3L- 19185598-19189202	39.03
3L_19206284_19226029 3L- 19206284-19226029	43.32
3L_19237653_19242336 3L- 19237653-19242336	39.01
3L_19418318_19423440 3L+ 19418318-19423440	37.32
3L_19513718_19518443 3L- 19513718-19518443	42.30
3L_19578943_19587141 3L- 19578943-19587141	37.88
3L_19603974_19605232 3L- 19603974-19605232	40.27
3L_19721708_19723048 3L- 19721708-19723048	43.70
3L_19871449_19873361 3L- 19871449-19873361	41.71
3L_20013256_20033255 3L- 20013256-20033255	40.37
3L_20074530_20076231 3L- 20074530-20076231	41.36
3L_20078668_20079821 3L+ 20078668-20079821	42.29
3L_20119071_20139070 3L- 20119071-20139070	42.09
3L_20149553_20166316 3L+ 20149553-20166316	40.55
3L_20173695_20183947 3L+ 20173695-20183947	40.18
3L_20198925_20207311 3L+ 20198925-20207311	38.43
3L_20209285_20211684 3L- 20209285-20211684	36.29
3L_20246264_20249716 3L- 20246264-20249716	37.30
3L_20336868_20347472 3L+ 20336868-20347472	39.92
3L_20402377_20407711 3L- 20402377-20407711	44.61
3L_20427557_20430511 3L+ 20427557-20430511	40.95
3L_20432794_20442584 3L- 20432794-20442584	44.61
3L_20787551_20795077 3L- 20787551-20795077	37.53
3L_20863733_20883732 3L- 20863733-20883732	42.95
3L_20889525_20897083 3L- 20889525-20897083	41.86
3L_20971470_20973691 3L- 20971470-20973691	38.12
3L_20986228_20994545 3L+ 20986228-20994545	42.79
3L_21052014_21066184 3L+ 21052014-21066184	44.85
3L_21078575_21080914 3L+ 21078575-21080914	46.45
3L_21100064_21101709 3L+ 21100064-21101709	43.99
3L_21116650_21127980 3L+ 21116650-21127980	45.59
3L_21129956_21134412 3L+ 21129956-21134412	45.16
3L_21176658_21181679 3L+ 21176658-21181679	46.28
3L_21190417_21210416 3L+ 21190417-21210416	43.19
3L_21225455_21228534 3L+ 21225455-21228534	38.86
3L_21362147_21364198 3L- 21362147-21364198	41.67
3L_21377276_21378318 3L- 21377276-21378318	44.68
3L_21404139_21424138 3L- 21404139-21424138	43.68
3L_21506783_21526782 3L- 21506783-21526782	43.33
3L_21819352_21826393 3L- 21819352-21826393	45.57
3L_22046488_22062298 3L+ 22046488-22062298	47.56
3L_22074339_22079838 3L- 22074339-22079838	44.29
3L_22082772_22085569 3L- 22082772-22085569	43.57
3L_22095350_22107312 3L+ 22095350-22107312	41.82
3L_22241071_22242274 3L+ 22241071-22242274	54.90
3L_22272647_22276937 3L- 22272647-22276937	45.82
3L_22284719_22289397 3L- 22284719-22289397	39.54
3L_22304185_22305243 3L+ 22304185-22305243	47.97
3L_22366435_22368870 3L+ 22366435-22368870	36.29
3L_22370490_22373019 3L+ 22370490-22373019	33.99
3L_22432177_22433701 3L- 22432177-22433701	30.62
3L_22482368_22487490 3L+ 22482368-22487490	41.87
3L_23039671_23043614 3L+ 23039671-23043614	38.74
3L_23080616_23084756 3L- 23080616-23084756	38.88
3L_23121260_23124201 3L+ 23121260-23124201	46.97
3L_23351499_23355482 3L+ 23351499-23355482	47.46
3L_23494355_23504137 3L- 23494355-23504137	40.86
3L_23972511_23992510 3L- 23972511-23992510	41.73
3R_147225_150417 3R- 147225-150417	41.40
3R_155655_164347 3R- 155655-164347	41.07
3R_282125_283140 3R+ 282125-283140	33.56
3R_342256_347060 3R+ 342256-347060	37.57
3R_582173_589848 3R- 582173-589848	41.75
3R_593643_611921 3R+ 593643-611921	42.32
3R_630348_635390 3R- 630348-635390	44.72
3R_638945_658545 3R+ 638945-658545	43.89
3R_715187_718247 3R- 715187-718247	39.53
3R_763253_783252 3R- 763253-783252	44.43
3R_820709_840708 3R- 820709-840708	44.46
3R_842666_860264 3R+ 842666-860264	44.67
3R_863113_869628 3R- 863113-869628	44.97
3R_872580_882921 3R- 872580-882921	41.94
3R_1223372_1228733 3R- 1223372-1228733	36.70
3R_1437938_1453344 3R+ 1437938-1453344	41.57
3R_1514590_1516327 3R- 1514590-1516327	43.56
3R_1709031_1719125 3R- 1709031-1719125	42.88
3R_1726107_1746106 3R- 1726107-1746106	42.88
3R_1760045_1764832 3R+ 1760045-1764832	39.41
3R_1771189_1791188 3R+ 1771189-1791188	43.55
3R_1797642_1816531 3R+ 1797642-1816531	43.83
3R_1819013_1828608 3R- 1819013-1828608	43.83
3R_1841645_1847884 3R+ 1841645-1847884	41.15
3R_1852857_1861932 3R- 1852857-1861932	44.18
3R_1867245_1887244 3R+ 1867245-1887244	44.14
3R_1902455_1904631 3R- 1902455-1904631	39.27
3R_1907092_1908644 3R- 1907092-1908644	40.82
3R_1947968_1952773 3R- 1947968-1952773	41.57
3R_1955120_1960461 3R- 1955120-1960461	42.42
3R_1963939_1974058 3R+ 1963939-1974058	40.14
3R_1977741_1980236 3R- 1977741-1980236	43.39
3R_1982665_1985240 3R- 1982665-1985240	42.08
3R_1995005_2003629 3R+ 1995005-2003629	42.25
3R_2011488_2013021 3R+ 2011488-2013021	41.59
3R_2020298_2025471 3R- 2020298-2025471	39.00
3R_2054970_2056344 3R+ 2054970-2056344	34.91
3R_2063976_2065949 3R+ 2063976-2065949	37.13
3R_2196730_2201527 3R- 2196730-2201527	41.27
3R_2224872_2244871 3R+ 2224872-2244871	41.09
3R_2317240_2319696 3R- 2317240-2319696	44.16
3R_2321881_2323885 3R+ 2321881-2323885	43.49
3R_2325788_2330601 3R+ 2325788-2330601	43.71
3R_2332640_2349752 3R+ 2332640-2349752	42.76
3R_2354958_2363823 3R- 2354958-2363823	44.60
3R_2401236_2406350 3R+ 2401236-2406350	37.05
3R_2416019_2420045 3R- 2416019-2420045	39.81
3R_2422169_2424736 3R+ 2422169-2424736	40.73
3R_2426293_2428716 3R+ 2426293-2428716	33.46
3R_2463993_2466008 3R- 2463993-2466008	39.88
3R_2467881_2471909 3R+ 2467881-2471909	41.82
3R_2499801_2511283 3R- 2499801-2511283	37.77
3R_2522997_2529235 3R+ 2522997-2529235	36.95
3R_2570279_2583458 3R- 2570279-2583458	39.54
3R_2591143_2611142 3R+ 2591143-2611142	41.05
3R_2766247_2786246 3R- 2766247-2786246	40.34
3R_2904408_2911048 3R- 2904408-2911048	38.08
3R_2957789_2962841 3R+ 2957789-2962841	40.55
3R_2969204_2973346 3R+ 2969204-2973346	41.64
3R_3077104_3094956 3R- 3077104-3094956	41.76
3R_3100546_3105652 3R+ 3100546-3105652	42.14
3R_3115400_3135399 3R+ 3115400-3135399	40.79
3R_3137747_3146050 3R+ 3137747-3146050	41.27
3R_3148067_3151254 3R- 3148067-3151254	40.21
3R_3154780_3163240 3R+ 3154780-3163240	40.93
3R_3168519_3184194 3R- 3168519-3184194	41.55
3R_3187428_3204581 3R- 3187428-3204581	40.85
3R_3206705_3215956 3R- 3206705-3215956	41.10
3R_3249673_3253284 3R- 3249673-3253284	37.07
3R_3260395_3262190 3R- 3260395-3262190	33.02
3R_3294546_3310219 3R- 3294546-3310219	39.13
3R_3436942_3444655 3R+ 3436942-3444655	41.11
3R_3447704_3453310 3R- 3447704-3453310	41.23
3R_3465539_3472571 3R+ 3465539-3472571	41.87
3R_3480771_3484926 3R- 3480771-3484926	42.23
3R_3682284_3687097 3R- 3682284-3687097	43.23
3R_3710809_3712141 3R- 3710809-3712141	41.71
3R_3750756_3755381 3R- 3750756-3755381	40.36
3R_3756947_3765655 3R+ 3756947-3765655	41.62
3R_3917928_3927134 3R+ 3917928-3927134	41.39
3R_3936688_3956193 3R+ 3936688-3956193	43.88
3R_3985888_3996966 3R- 3985888-3996966	42.22
3R_4043946_4050203 3R+ 4043946-4050203	43.10
3R_4088439_4094755 3R- 4088439-4094755	43.34
3R_4097320_4103052 3R- 4097320-4103052	38.62
3R_4185593_4188685 3R- 4185593-4188685	43.06
3R_4235028_4236366 3R+ 4235028-4236366	33.01
3R_4240181_4245084 3R- 4240181-4245084	36.60
3R_4393970_4395188 3R+ 4393970-4395188	38.31
3R_4500454_4501538 3R+ 4500454-4501538	36.68
3R_4530160_4532821 3R+ 4530160-4532821	47.26
3R_4579273_4583024 3R+ 4579273-4583024	42.16
3R_4603696_4605868 3R- 4603696-4605868	43.81
3R_4613524_4617838 3R- 4613524-4617838	41.92
3R_4629951_4631794 3R+ 4629951-4631794	37.64
3R_4638378_4639439 3R- 4638378-4639439	28.63
3R_4749863_4766077 3R+ 4749863-4766077	44.67
3R_4812960_4820713 3R+ 4812960-4820713	41.90
3R_4946730_4965252 3R+ 4946730-4965252	42.70
3R_4977744_4985282 3R- 4977744-4985282	41.44
3R_4987101_4992025 3R+ 4987101-4992025	45.48
3R_5100709_5117628 3R- 5100709-5117628	40.73
3R_5119006_5134696 3R+ 5119006-5134696	41.80
3R_5221952_5225382 3R+ 5221952-5225382	33.78
3R_5273463_5293462 3R- 5273463-5293462	41.49
3R_5343244_5345714 3R+ 5343244-5345714	38.08
3R_5353103_5373102 3R- 5353103-5373102	40.88
3R_5392962_5398444 3R+ 5392962-5398444	40.01
3R_5568385_5569912 3R+ 5568385-5569912	41.10
3R_5664963_5672162 3R+ 5664963-5672162	42.81
3R_5718746_5732010 3R+ 5718746-5732010	43.75
3R_6068714_6082031 3R+ 6068714-6082031	40.25
3R_6086655_6106654 3R- 6086655-6106654	40.79
3R_6140395_6155794 3R+ 6140395-6155794	43.86
3R_6160986_6176270 3R+ 6160986-6176270	41.40
3R_6180639_6188043 3R+ 6180639-6188043	45.10
3R_6225085_6235188 3R+ 6225085-6235188	41.07
3R_6256010_6261416 3R+ 6256010-6261416	38.06
3R_6527046_6528091 3R+ 6527046-6528091	45.03
3R_6533933_6553723 3R- 6533933-6553723	42.61
3R_6556356_6568766 3R- 6556356-6568766	42.53
3R_6725899_6732274 3R+ 6725899-6732274	41.19
3R_6733960_6735237 3R+ 6733960-6735237	40.22
3R_6869286_6875940 3R+ 6869286-6875940	42.67
3R_6877666_6879516 3R+ 6877666-6879516	35.76
3R_6882114_6895535 3R+ 6882114-6895535	38.27
3R_7076497_7080115 3R+ 7076497-7080115	42.06
3R_7136899_7138575 3R+ 7136899-7138575	40.13
3R_7186098_7195379 3R+ 7186098-7195379	40.01
3R_7217738_7224028 3R+ 7217738-7224028	39.15
3R_7294764_7299017 3R+ 7294764-7299017	41.28
3R_7301529_7318763 3R+ 7301529-7318763	40.37
3R_7364001_7371085 3R- 7364001-7371085	38.52
3R_7647614_7656824 3R+ 7647614-7656824	43.19
3R_7674443_7678811 3R- 7674443-7678811	42.73
3R_7692234_7693875 3R+ 7692234-7693875	42.51
3R_7705519_7707105 3R- 7705519-7707105	37.11
3R_7795356_7815355 3R+ 7795356-7815355	42.35
3R_7823887_7826094 3R+ 7823887-7826094	41.98
3R_7830980_7832765 3R+ 7830980-7832765	35.61
3R_7842683_7846141 3R+ 7842683-7846141	45.42
3R_7855484_7871333 3R+ 7855484-7871333	42.08
3R_7882522_7893808 3R- 7882522-7893808	42.23
3R_7909728_7927696 3R+ 7909728-7927696	41.27
3R_7960679_7972729 3R+ 7960679-7972729	41.35
3R_8008846_8011379 3R+ 8008846-8011379	36.42
3R_8061409_8069272 3R- 8061409-8069272	40.83
3R_8121754_8141753 3R+ 8121754-8141753	42.66
3R_8150549_8167508 3R+ 8150549-8167508	41.95
3R_8202503_8213882 3R+ 8202503-8213882	41.78
3R_8230785_8250784 3R+ 8230785-8250784	41.23
3R_8381090_8386255 3R+ 8381090-8386255	41.72
3R_8461119_8481118 3R+ 8461119-8481118	41.09
3R_8503550_8506722 3R+ 8503550-8506722	31.48
3R_8626663_8640095 3R- 8626663-8640095	41.98
3R_8642863_8657086 3R+ 8642863-8657086	43.24
3R_8815370_8819056 3R+ 8815370-8819056	40.98
3R_8839030_8840255 3R+ 8839030-8840255	43.07
3R_8926779_8928143 3R- 8926779-8928143	40.81
3R_8995475_9015474 3R- 8995475-9015474	42.05
3R_9200858_9220459 3R- 9200858-9220459	44.08
3R_9271191_9273855 3R- 9271191-9273855	43.08
3R_9382000_9383493 3R- 9382000-9383493	42.44
3R_9504823_9506729 3R- 9504823-9506729	46.98
3R_9641293_9642417 3R- 9641293-9642417	36.53
3R_9647623_9652798 3R+ 9647623-9652798	38.95
3R_9658236_9674158 3R- 9658236-9674158	40.70
3R_9676698_9682916 3R+ 9676698-9682916	38.66
3R_9684934_9699163 3R+ 9684934-9699163	40.34
3R_9701206_9707016 3R+ 9701206-9707016	41.47
3R_9711973_9719000 3R- 9711973-9719000	38.25
3R_9753981_9773980 3R- 9753981-9773980	43.84
3R_9805916_9825915 3R- 9805916-9825915	43.68
3R_9873480_9892417 3R- 9873480-9892417	45.03
3R_9895581_9907017 3R+ 9895581-9907017	44.31
3R_9963681_9968065 3R- 9963681-9968065	44.04
3R_10122163_10123830 3R+ 10122163-10123830	37.11
3R_10248554_10250323 3R+ 10248554-10250323	37.18
3R_10333357_10345351 3R+ 10333357-10345351	39.98
3R_10347345_10367344 3R+ 10347345-10367344	40.78
3R_10414125_10434124 3R+ 10414125-10434124	39.18
3R_10465725_10479568 3R+ 10465725-10479568	40.53
3R_10505213_10523968 3R- 10505213-10523968	41.08
3R_10878497_10898496 3R- 10878497-10898496	42.83
3R_11003007_11005301 3R- 11003007-11005301	40.09
3R_11006740_11009733 3R+ 11006740-11009733	42.75
3R_11131511_11134917 3R+ 11131511-11134917	40.06
3R_11138093_11143783 3R- 11138093-11143783	40.10
3R_11197370_11198884 3R- 11197370-11198884	39.60
3R_11211726_11227384 3R+ 11211726-11227384	40.64
3R_11303118_11322350 3R- 11303118-11322350	40.13
3R_11396894_11403302 3R+ 11396894-11403302	42.53
3R_11407362_11408559 3R- 11407362-11408559	37.90
3R_11421270_11441269 3R+ 11421270-11441269	42.62
3R_11455946_11475945 3R+ 11455946-11475945	43.65
3R_11490284_11498221 3R+ 11490284-11498221	42.59
3R_11526598_11538080 3R- 11526598-11538080	40.42
3R_11544574_11564573 3R+ 11544574-11564573	44.29
3R_11722094_11736746 3R+ 11722094-11736746	40.64
3R_11738738_11740823 3R+ 11738738-11740823	36.05
3R_11762908_11764958 3R+ 11762908-11764958	39.40
3R_11818005_11821540 3R+ 11818005-11821540	43.78
3R_11822959_11825566 3R- 11822959-11825566	44.17
3R_11850265_11870264 3R- 11850265-11870264	44.18
3R_11903523_11918321 3R+ 11903523-11918321	42.24
3R_11934232_11938237 3R- 11934232-11938237	39.09
3R_11945030_11946635 3R+ 11945030-11946635	35.43
3R_12000473_12006856 3R- 12000473-12006856	40.81
3R_12014611_12017758 3R+ 12014611-12017758	40.41
3R_12071711_12074715 3R- 12071711-12074715	41.70
3R_12124708_12125921 3R+ 12124708-12125921	42.09
3R_12127876_12132049 3R+ 12127876-12132049	41.88
3R_12138652_12153697 3R+ 12138652-12153697	42.28
3R_12155668_12156817 3R+ 12155668-12156817	41.74
3R_12161899_12164218 3R+ 12161899-12164218	44.66
3R_12166142_12182538 3R+ 12166142-12182538	40.85
3R_12253532_12260613 3R+ 12253532-12260613	42.87
3R_12389161_12402823 3R- 12389161-12402823	41.85
3R_12417174_12420926 3R- 12417174-12420926	39.70
3R_12423234_12431568 3R- 12423234-12431568	41.73
3R_12433356_12439214 3R- 12433356-12439214	37.67
3R_12445461_12465460 3R+ 12445461-12465460	41.60
3R_12471501_12472763 3R+ 12471501-12472763	41.65
3R_12493117_12513116 3R- 12493117-12513116	42.27
3R_12523070_12543069 3R+ 12523070-12543069	39.46
3R_12587240_12588557 3R- 12587240-12588557	42.87
3R_12593654_12609838 3R+ 12593654-12609838	38.16
3R_12670276_12671313 3R- 12670276-12671313	46.24
3R_12685045_12688539 3R+ 12685045-12688539	43.03
3R_12714412_12720420 3R+ 12714412-12720420	45.32
3R_12721877_12736747 3R- 12721877-12736747	42.81
3R_12926744_12929385 3R+ 12926744-12929385	39.78
3R_12937706_12943252 3R- 12937706-12943252	40.06
3R_12944943_12948065 3R- 12944943-12948065	40.70
3R_12950020_12960457 3R+ 12950020-12960457	41.86
3R_12963167_12972418 3R- 12963167-12972418	43.58
3R_12975367_12982554 3R- 12975367-12982554	43.29
3R_13055329_13057260 3R+ 13055329-13057260	46.33
3R_13070960_13073301 3R+ 13070960-13073301	41.84
3R_13076358_13084087 3R- 13076358-13084087	44.09
3R_13094506_13114505 3R+ 13094506-13114505	43.00
3R_13145760_13155529 3R+ 13145760-13155529	41.67
3R_13163078_13172092 3R- 13163078-13172092	42.30
3R_13189981_13193301 3R- 13189981-13193301	39.54
3R_13216491_13220827 3R+ 13216491-13220827	39.22
3R_13223683_13234418 3R+ 13223683-13234418	38.24
3R_13236405_13240595 3R- 13236405-13240595	43.45
3R_13243917_13247888 3R+ 13243917-13247888	41.34
3R_13256363_13262819 3R+ 13256363-13262819	39.43
3R_13274690_13275915 3R- 13274690-13275915	37.68
3R_13403119_13409771 3R- 13403119-13409771	40.93
3R_13539826_13541819 3R+ 13539826-13541819	43.03
3R_13553507_13561763 3R+ 13553507-13561763	44.39
3R_13563576_13568952 3R+ 13563576-13568952	43.93
3R_13574253_13575936 3R- 13574253-13575936	44.83
3R_13721256_13731405 3R- 13721256-13731405	43.30
3R_13744659_13764658 3R- 13744659-13764658	43.70
3R_13775156_13786017 3R- 13775156-13786017	45.19
3R_13792391_13809341 3R+ 13792391-13809341	46.65
3R_13955545_13975544 3R- 13955545-13975544	45.08
3R_13997698_14012656 3R- 13997698-14012656	41.96
3R_14072130_14089359 3R- 14072130-14089359	41.13
3R_14116145_14120673 3R- 14116145-14120673	38.18
3R_14125153_14127049 3R+ 14125153-14127049	37.80
3R_14141301_14151172 3R- 14141301-14151172	41.38
3R_14186521_14206520 3R- 14186521-14206520	41.15
3R_14294623_14304627 3R- 14294623-14304627	42.61
3R_14307124_14313221 3R+ 14307124-14313221	42.62
3R_14330266_14350265 3R- 14330266-14350265	41.77
3R_14514114_14533039 3R+ 14514114-14533039	40.20
3R_14535176_14537646 3R- 14535176-14537646	36.18
3R_14741632_14761404 3R+ 14741632-14761404	43.50
3R_14778357_14798356 3R- 14778357-14798356	45.63
3R_14816775_14834354 3R- 14816775-14834354	43.90
3R_15111126_15112191 3R+ 15111126-15112191	40.99
3R_15152552_15153728 3R+ 15152552-15153728	43.33
3R_15382254_15384308 3R+ 15382254-15384308	48.03
3R_15561004_15563093 3R- 15561004-15563093	40.29
3R_15804326_15805587 3R+ 15804326-15805587	44.22
3R_15899295_15916581 3R- 15899295-15916581	41.39
3R_16207044_16225305 3R+ 16207044-16225305	38.94
3R_16236224_16242274 3R+ 16236224-16242274	38.24
3R_16479572_16483349 3R+ 16479572-16483349	44.02
3R_16520988_16527592 3R- 16520988-16527592	41.88
3R_16530548_16534450 3R+ 16530548-16534450	42.45
3R_16577799_16581318 3R- 16577799-16581318	40.40
3R_16591258_16596056 3R+ 16591258-16596056	39.24
3R_16598731_16602711 3R+ 16598731-16602711	38.23
3R_16611612_16621245 3R+ 16611612-16621245	44.39
3R_16633391_16637034 3R- 16633391-16637034	44.46
3R_16647001_16667000 3R- 16647001-16667000	44.70
3R_16801434_16806768 3R+ 16801434-16806768	43.17
3R_16854357_16860999 3R- 16854357-16860999	44.81
3R_16908082_16920051 3R+ 16908082-16920051	42.96
3R_16925266_16929410 3R+ 16925266-16929410	46.54
3R_16935328_16936677 3R- 16935328-16936677	46.74
3R_16939170_16959169 3R+ 16939170-16959169	42.23
3R_16994722_17007799 3R- 16994722-17007799	41.98
3R_17071913_17080043 3R- 17071913-17080043	42.38
3R_17197133_17204180 3R+ 17197133-17204180	43.16
3R_17209367_17213530 3R- 17209367-17213530	40.75
3R_17220386_17227780 3R- 17220386-17227780	42.31
3R_17270792_17274474 3R+ 17270792-17274474	41.00
3R_17285214_17305213 3R+ 17285214-17305213	41.85
3R_17401699_17404442 3R+ 17401699-17404442	43.55
3R_17450983_17465210 3R+ 17450983-17465210	41.26
3R_17468323_17475507 3R+ 17468323-17475507	41.16
3R_17655135_17661958 3R- 17655135-17661958	43.46
3R_17670007_17679411 3R+ 17670007-17679411	45.15
3R_17685797_17687167 3R+ 17685797-17687167	38.00
3R_17693479_17695926 3R+ 17693479-17695926	44.04
3R_17697567_17702559 3R- 17697567-17702559	40.54
3R_17783156_17791210 3R+ 17783156-17791210	41.87
3R_17841944_17847773 3R- 17841944-17847773	47.41
3R_17914707_17921402 3R- 17914707-17921402	37.69
3R_18144787_18154055 3R+ 18144787-18154055	42.03
3R_18157989_18164224 3R+ 18157989-18164224	42.32
3R_18166938_18175971 3R- 18166938-18175971	42.50
3R_18177911_18194519 3R+ 18177911-18194519	42.35
3R_18211941_18231940 3R+ 18211941-18231940	44.37
3R_18328474_18329787 3R+ 18328474-18329787	43.99
3R_18334587_18341318 3R- 18334587-18341318	43.92
3R_18381740_18386878 3R- 18381740-18386878	46.20
3R_18393246_18398808 3R+ 18393246-18398808	42.87
3R_18402155_18405734 3R- 18402155-18405734	45.81
3R_18742428_18743606 3R- 18742428-18743606	36.73
3R_18753848_18755545 3R- 18753848-18755545	43.99
3R_18757080_18769240 3R- 18757080-18769240	44.75
3R_18841197_18849720 3R+ 18841197-18849720	45.19
3R_18858027_18874470 3R+ 18858027-18874470	45.35
3R_18876105_18882159 3R- 18876105-18882159	43.15
3R_18911201_18925699 3R- 18911201-18925699	46.27
3R_18950589_18956532 3R+ 18950589-18956532	46.67
3R_18963379_18964575 3R- 18963379-18964575	34.17
3R_18967970_18969122 3R+ 18967970-18969122	30.79
3R_19046094_19049600 3R+ 19046094-19049600	39.41
3R_19311633_19314304 3R+ 19311633-19314304	38.51
3R_19532981_19535032 3R+ 19532981-19535032	43.86
3R_19547496_19548736 3R- 19547496-19548736	42.06
3R_19736515_19740606 3R+ 19736515-19740606	40.96
3R_19827514_19841560 3R+ 19827514-19841560	43.35
3R_19848233_19865339 3R- 19848233-19865339	43.47
3R_20106203_20108189 3R- 20106203-20108189	42.93
3R_20112196_20115785 3R+ 20112196-20115785	41.50
3R_20173230_20177691 3R- 20173230-20177691	42.16
3R_20248326_20254539 3R- 20248326-20254539	44.00
3R_20287108_20293853 3R+ 20287108-20293853	43.51
3R_20302204_20321714 3R+ 20302204-20321714	44.39
3R_20421673_20429779 3R- 20421673-20429779	38.04
3R_20480080_20500079 3R+ 20480080-20500079	43.99
3R_20846543_20853682 3R- 20846543-20853682	38.64
3R_20964622_20974360 3R- 20964622-20974360	43.29
3R_21028427_21038721 3R- 21028427-21038721	42.88
3R_21094974_21104495 3R- 21094974-21104495	44.05
3R_21109620_21116856 3R+ 21109620-21116856	41.07
3R_21144807_21146081 3R+ 21144807-21146081	42.20
3R_21167153_21171981 3R+ 21167153-21171981	39.30
3R_21227075_21229026 3R- 21227075-21229026	37.65
3R_21279589_21281568 3R- 21279589-21281568	39.90
3R_21329093_21333016 3R- 21329093-21333016	44.39
3R_21334700_21336730 3R+ 21334700-21336730	45.25
3R_21340830_21344095 3R+ 21340830-21344095	45.77
3R_21347831_21351149 3R+ 21347831-21351149	43.51
3R_21353034_21355171 3R- 21353034-21355171	46.26
3R_21357269_21359324 3R- 21357269-21359324	43.48
3R_21361300_21362349 3R- 21361300-21362349	39.62
3R_21390972_21398992 3R- 21390972-21398992	42.33
3R_21445562_21446719 3R- 21445562-21446719	39.12
3R_21458843_21478842 3R+ 21458843-21478842	38.06
3R_21544957_21563816 3R+ 21544957-21563816	40.93
3R_21597723_21617722 3R+ 21597723-21617722	40.71
3R_21673214_21686339 3R- 21673214-21686339	41.58
3R_21687728_21703032 3R- 21687728-21703032	40.45
3R_21705876_21715365 3R- 21705876-21715365	39.91
3R_21720890_21726407 3R+ 21720890-21726407	40.36
3R_21731030_21742527 3R+ 21731030-21742527	40.24
3R_21889903_21903801 3R+ 21889903-21903801	45.29
3R_21923503_21925059 3R- 21923503-21925059	46.82
3R_21927086_21929995 3R- 21927086-21929995	47.11
3R_21967737_21977340 3R+ 21967737-21977340	44.97
3R_21979377_21982447 3R+ 21979377-21982447	44.58
3R_22016061_22020483 3R+ 22016061-22020483	47.34
3R_22024486_22034228 3R+ 22024486-22034228	46.19
3R_22061078_22068704 3R- 22061078-22068704	44.51
3R_22071071_22083986 3R+ 22071071-22083986	43.35
3R_22199132_22200865 3R+ 22199132-22200865	44.23
3R_22275569_22279417 3R- 22275569-22279417	40.84
3R_22363413_22365323 3R- 22363413-22365323	41.44
3R_22463058_22483057 3R+ 22463058-22483057	44.16
3R_22486148_22494357 3R- 22486148-22494357	43.17
3R_22589246_22595603 3R+ 22589246-22595603	46.67
3R_22604732_22605784 3R+ 22604732-22605784	44.63
3R_22631647_22633163 3R- 22631647-22633163	44.43
3R_22726357_22736620 3R- 22726357-22736620	41.85
3R_22740218_22745890 3R+ 22740218-22745890	42.85
3R_22748999_22759346 3R+ 22748999-22759346	44.05
3R_22933217_22936304 3R- 22933217-22936304	48.15
3R_22967224_22980946 3R+ 22967224-22980946	45.97
3R_22993462_23012446 3R+ 22993462-23012446	48.50
3R_23133928_23137496 3R+ 23133928-23137496	44.02
3R_23223178_23243177 3R+ 23223178-23243177	44.22
3R_23324350_23344349 3R- 23324350-23344349	44.28
3R_23361919_23364862 3R- 23361919-23364862	42.12
3R_23384086_23404085 3R- 23384086-23404085	43.68
3R_23468855_23485818 3R- 23468855-23485818	42.97
3R_23489020_23494557 3R- 23489020-23494557	40.77
3R_23498780_23506513 3R+ 23498780-23506513	43.38
3R_23508574_23522144 3R+ 23508574-23522144	43.22
3R_23549597_23555619 3R+ 23549597-23555619	45.46
3R_23557939_23559699 3R- 23557939-23559699	44.97
3R_23561880_23567009 3R- 23561880-23567009	43.57
3R_23756761_23776760 3R- 23756761-23776760	45.16
3R_23848618_23854703 3R+ 23848618-23854703	46.39
3R_23856244_23873909 3R+ 23856244-23873909	44.86
3R_23877789_23879701 3R- 23877789-23879701	41.56
3R_23939968_23941721 3R- 23939968-23941721	49.03
3R_24379714_24381303 3R+ 24379714-24381303	38.49
3R_24451627_24471626 3R- 24451627-24471626	45.83
3R_24483737_24500507 3R- 24483737-24500507	44.99
3R_24702781_24712376 3R+ 24702781-24712376	42.57
3R_24751465_24771464 3R- 24751465-24771464	44.68
3R_24806109_24814924 3R+ 24806109-24814924	44.73
3R_24844083_24847335 3R+ 24844083-24847335	44.21
3R_24870838_24875232 3R- 24870838-24875232	44.14
3R_24881165_24884836 3R- 24881165-24884836	45.53
3R_24886483_24890326 3R- 24886483-24890326	43.55
3R_24894561_24896364 3R- 24894561-24896364	49.50
3R_24939012_24946261 3R+ 24939012-24946261	42.23
3R_25120802_25122278 3R+ 25120802-25122278	44.55
3R_25321248_25322445 3R+ 25321248-25322445	40.15
3R_25332176_25335457 3R- 25332176-25335457	46.83
3R_25374767_25377169 3R- 25374767-25377169	45.69
3R_25385128_25386516 3R- 25385128-25386516	41.90
3R_25388093_25407069 3R- 25388093-25407069	44.12
3R_25408643_25409903 3R- 25408643-25409903	43.70
3R_25544148_25545909 3R- 25544148-25545909	43.87
3R_25733415_25738147 3R- 25733415-25738147	42.05
3R_25775285_25788891 3R+ 25775285-25788891	45.81
3R_25979037_25987753 3R+ 25979037-25987753	42.55
3R_25991408_25998321 3R- 25991408-25998321	44.40
3R_25999728_26003705 3R+ 25999728-26003705	42.46
3R_26026185_26030113 3R+ 26026185-26030113	42.45
3R_26039652_26049348 3R+ 26039652-26049348	46.12
3R_26068271_26071974 3R+ 26068271-26071974	45.14
3R_26075372_26095371 3R- 26075372-26095371	44.72
3R_26101699_26104554 3R- 26101699-26104554	45.38
3R_26154163_26171578 3R+ 26154163-26171578	42.15
3R_26173365_26175536 3R- 26173365-26175536	43.55
3R_26198691_26200035 3R- 26198691-26200035	37.84
3R_26213738_26219496 3R+ 26213738-26219496	41.59
3R_26231269_26235220 3R+ 26231269-26235220	42.05
3R_26239174_26251334 3R- 26239174-26251334	43.49
3R_26253323_26255010 3R+ 26253323-26255010	43.13
3R_26398652_26406350 3R+ 26398652-26406350	42.85
3R_26407953_26424684 3R- 26407953-26424684	45.49
3R_26428697_26433467 3R+ 26428697-26433467	46.78
3R_26492179_26499062 3R+ 26492179-26499062	46.62
3R_26582127_26602126 3R+ 26582127-26602126	46.01
3R_26616266_26623939 3R+ 26616266-26623939	44.97
3R_26630182_26650181 3R+ 26630182-26650181	43.41
3R_26809997_26814361 3R- 26809997-26814361	47.06
3R_27088357_27108356 3R- 27088357-27108356	37.89
3R_27114157_27124952 3R+ 27114157-27124952	37.33
4_42327_43849 4+ 42327-43849	30.27
4_545805_548796 4- 545805-548796	31.02
4_663303_665526 4+ 663303-665526	33.72
4_671240_679720 4+ 671240-679720	32.30
4_860092_862240 4+ 860092-862240	34.57
X_96936_98357 X+ 96936-98357	31.50
X_241302_251864 X- 241302-251864	40.80
X_255309_275308 X- 255309-275308	42.19
X_408251_414261 X+ 408251-414261	44.63
X_463831_479545 X- 463831-479545	45.17
X_481414_487004 X+ 481414-487004	43.96
X_488762_493603 X- 488762-493603	46.41
X_573494_577511 X+ 573494-577511	50.27
X_787506_806964 X+ 787506-806964	44.62
X_917570_927874 X- 917570-927874	43.75
X_929465_940499 X+ 929465-940499	46.08
X_959887_963187 X- 959887-963187	47.53
X_972585_974407 X+ 972585-974407	46.30
X_980594_983486 X+ 980594-983486	42.97
X_1457870_1469419 X+ 1457870-1469419	48.00
X_1473903_1493902 X- 1473903-1493902	50.91
X_1506198_1524575 X+ 1506198-1524575	49.31
X_1546868_1566867 X+ 1546868-1566867	49.49
X_1605385_1608572 X- 1605385-1608572	42.82
X_2108643_2122859 X- 2108643-2122859	46.43
X_2125383_2134610 X- 2125383-2134610	44.63
X_2252841_2258612 X+ 2252841-2258612	41.96
X_2379639_2380878 X- 2379639-2380878	50.65
X_2456105_2476104 X+ 2456105-2476104	41.98
X_2492612_2505037 X- 2492612-2505037	44.21
X_2518739_2538738 X- 2518739-2538738	42.12
X_2552686_2553716 X- 2552686-2553716	35.98
X_2556180_2560821 X- 2556180-2560821	45.89
X_2565392_2570472 X+ 2565392-2570472	42.89
X_2605943_2607707 X+ 2605943-2607707	37.79
X_2611330_2612708 X+ 2611330-2612708	40.90
X_2628255_2630470 X+ 2628255-2630470	47.56
X_2652543_2660290 X- 2652543-2660290	41.55
X_2675065_2695064 X+ 2675065-2695064	41.28
X_2716113_2736112 X- 2716113-2736112	41.96
X_2745787_2765786 X+ 2745787-2765786	42.30
X_2861383_2881382 X- 2861383-2881382	39.13
X_2998766_3018765 X- 2998766-3018765	38.35
X_3043686_3063685 X+ 3043686-3063685	39.69
X_3672284_3677649 X+ 3672284-3677649	43.66
X_3800014_3805699 X- 3800014-3805699	41.96
X_3807127_3809431 X+ 3807127-3809431	41.95
X_3816706_3833730 X+ 3816706-3833730	42.06
X_3849050_3858075 X- 3849050-3858075	45.60
X_3865466_3869890 X- 3865466-3869890	44.36
X_3872223_3888078 X- 3872223-3888078	43.54
X_3891361_3899392 X+ 3891361-3899392	44.46
X_3972118_3975103 X- 3972118-3975103	43.77
X_3988191_4008190 X- 3988191-4008190	43.81
X_4083855_4103854 X- 4083855-4103854	42.89
X_4141021_4143648 X- 4141021-4143648	40.53
X_4146688_4156494 X+ 4146688-4156494	43.92
X_4170635_4190634 X+ 4170635-4190634	42.93
X_4336280_4345141 X- 4336280-4345141	41.84
X_4348946_4352471 X- 4348946-4352471	44.90
X_4355398_4359490 X- 4355398-4359490	43.86
X_4363883_4374101 X- 4363883-4374101	43.50
X_4386047_4397714 X- 4386047-4397714	41.60
X_4806384_4826383 X- 4806384-4826383	41.29
X_4866351_4867907 X+ 4866351-4867907	25.43
X_4879496_4882968 X- 4879496-4882968	43.45
X_4972159_4987026 X- 4972159-4987026	42.49
X_5039785_5052532 X+ 5039785-5052532	45.14
X_5096233_5116232 X- 5096233-5116232	41.70
X_5317314_5326379 X+ 5317314-5326379	45.86
X_5328213_5330628 X- 5328213-5330628	42.05
X_5332820_5333889 X+ 5332820-5333889	48.79
X_5338359_5340026 X- 5338359-5340026	43.41
X_5363494_5367099 X- 5363494-5367099	44.04
X_5370154_5377859 X- 5370154-5377859	42.55
X_5381760_5393397 X- 5381760-5393397	42.84
X_5512162_5515920 X+ 5512162-5515920	42.56
X_5520167_5526341 X+ 5520167-5526341	45.62
X_5532911_5552910 X+ 5532911-5552910	44.94
X_5709552_5710588 X- 5709552-5710588	43.20
X_5719541_5732152 X+ 5719541-5732152	40.49
X_5817360_5823110 X- 5817360-5823110	43.77
X_5843679_5847153 X- 5843679-5847153	39.22
X_6035624_6038016 X- 6035624-6038016	40.70
X_6338988_6346305 X+ 6338988-6346305	37.15
X_6387108_6396149 X- 6387108-6396149	41.89
X_6470986_6474343 X- 6470986-6474343	41.48
X_6541704_6544054 X+ 6541704-6544054	34.84
X_6585704_6593757 X+ 6585704-6593757	40.64
X_6606533_6626532 X+ 6606533-6626532	43.44
X_6901777_6912164 X+ 6901777-6912164	39.10
X_6922597_6942596 X+ 6922597-6942596	39.37
X_6972637_6986756 X- 6972637-6986756	40.70
X_6988279_6994038 X- 6988279-6994038	42.55
X_6996371_7014195 X+ 6996371-7014195	41.25
X_7016775_7033106 X- 7016775-7033106	41.35
X_7036579_7044546 X- 7036579-7044546	40.39
X_7167367_7169745 X+ 7167367-7169745	36.23
X_7174766_7179035 X+ 7174766-7179035	41.87
X_7199663_7219662 X- 7199663-7219662	40.76
X_7227078_7235003 X- 7227078-7235003	43.29
X_7245809_7265808 X- 7245809-7265808	41.13
X_7291401_7299785 X- 7291401-7299785	41.44
X_7302225_7305072 X+ 7302225-7305072	44.03
X_7308006_7312676 X- 7308006-7312676	45.17
X_7445362_7453467 X- 7445362-7453467	42.30
X_7819745_7837808 X+ 7819745-7837808	41.02
X_7842678_7849722 X- 7842678-7849722	38.07
X_7896434_7900808 X- 7896434-7900808	38.77
X_8062472_8082471 X- 8062472-8082471	41.40
X_8105441_8125440 X+ 8105441-8125440	42.43
X_8144447_8156753 X+ 8144447-8156753	37.73
X_8169718_8171939 X+ 8169718-8171939	45.14
X_8180747_8200746 X- 8180747-8200746	40.56
X_8251196_8261676 X+ 8251196-8261676	39.65
X_8275528_8295527 X+ 8275528-8295527	37.91
X_8564582_8570324 X- 8564582-8570324	42.97
X_8630750_8633403 X+ 8630750-8633403	37.94
X_8639038_8641972 X- 8639038-8641972	38.74
X_8713436_8715876 X+ 8713436-8715876	35.35
X_8726313_8746312 X+ 8726313-8746312	42.16
X_9007464_9012426 X+ 9007464-9012426	38.48
X_9017530_9027963 X+ 9017530-9027963	39.11
X_9117294_9121436 X+ 9117294-9121436	40.89
X_9130705_9150704 X+ 9130705-9150704	41.42
X_9183629_9203628 X- 9183629-9203628	40.57
X_9208912_9214238 X+ 9208912-9214238	42.93
X_9287372_9288882 X- 9287372-9288882	36.33
X_9304436_9306565 X- 9304436-9306565	37.61
X_9308773_9326704 X- 9308773-9326704	39.76
X_9330251_9346498 X+ 9330251-9346498	42.32
X_9356315_9376314 X+ 9356315-9376314	42.33
X_9400758_9409035 X+ 9400758-9409035	38.22
X_9555285_9558240 X- 9555285-9558240	44.45
X_9636246_9637766 X- 9636246-9637766	31.76
X_9694550_9696468 X+ 9694550-9696468	34.45
X_9809339_9811463 X- 9809339-9811463	41.84
X_9841462_9844495 X- 9841462-9844495	36.26
X_9932362_9935110 X- 9932362-9935110	36.96
X_10162617_10172775 X+ 10162617-10172775	43.63
X_10242763_10246057 X- 10242763-10246057	41.37
X_10379515_10383034 X+ 10379515-10383034	39.83
X_10388805_10390532 X- 10388805-10390532	40.45
X_10392865_10395787 X- 10392865-10395787	41.87
X_10398911_10400297 X+ 10398911-10400297	44.41
X_10402487_10404943 X+ 10402487-10404943	36.22
X_10407497_10409744 X+ 10407497-10409744	42.97
X_10425476_10427332 X- 10425476-10427332	34.41
X_10496835_10499213 X+ 10496835-10499213	38.46
X_10502769_10513775 X+ 10502769-10513775	39.23
X_10515393_10520701 X+ 10515393-10520701	41.36
X_10617364_10621926 X+ 10617364-10621926	35.81
X_11013848_11017633 X+ 11013848-11017633	45.88
X_11043317_11051300 X+ 11043317-11051300	43.55
X_11108962_11113282 X+ 11108962-11113282	34.99
X_11294139_11312919 X- 11294139-11312919	41.01
X_11315261_11317332 X+ 11315261-11317332	45.51
X_11328791_11341369 X+ 11328791-11341369	42.71
X_11344415_11346810 X- 11344415-11346810	42.11
X_11348717_11358136 X+ 11348717-11358136	40.94
X_11360031_11362253 X- 11360031-11362253	45.03
X_11369569_11382904 X+ 11369569-11382904	39.92
X_11403291_11423290 X+ 11403291-11423290	39.59
X_11428511_11441130 X- 11428511-11441130	41.26
X_11585231_11605230 X+ 11585231-11605230	43.23
X_11625122_11645121 X+ 11625122-11645121	39.80
X_11654431_11673330 X- 11654431-11673330	41.71
X_11699120_11700213 X- 11699120-11700213	31.44
X_11860334_11862314 X- 11860334-11862314	39.58
X_12150479_12155038 X+ 12150479-12155038	37.63
X_12191785_12199205 X- 12191785-12199205	36.69
X_12208667_12215974 X- 12208667-12215974	38.33
X_12217544_12235757 X- 12217544-12235757	40.48
X_12237653_12253412 X- 12237653-12253412	40.17
X_12255162_12262167 X+ 12255162-12262167	41.31
X_12343856_12345390 X+ 12343856-12345390	34.92
X_12365865_12369236 X- 12365865-12369236	39.47
X_12648772_12668771 X+ 12648772-12668771	40.03
X_12750064_12753398 X+ 12750064-12753398	39.19
X_12756184_12762561 X- 12756184-12762561	43.71
X_12764849_12772027 X+ 12764849-12772027	38.63
X_12777872_12780924 X- 12777872-12780924	44.58
X_12822439_12824842 X+ 12822439-12824842	32.07
X_13127155_13133563 X- 13127155-13133563	37.07
X_13141449_13161448 X- 13141449-13161448	39.31
X_13166570_13168787 X- 13166570-13168787	42.70
X_13180086_13191227 X+ 13180086-13191227	39.01
X_13199502_13201131 X+ 13199502-13201131	37.67
X_13204449_13224445 X- 13204449-13224445	43.41
X_13243070_13263069 X- 13243070-13263069	42.59
X_13351353_13352879 X- 13351353-13352879	32.68
X_13384615_13404614 X+ 13384615-13404614	45.16
X_13414338_13418115 X- 13414338-13418115	42.30
X_13553428_13562149 X- 13553428-13562149	41.83
X_13570959_13585826 X- 13570959-13585826	41.36
X_13626414_13646413 X- 13626414-13646413	42.34
X_13735325_13755324 X- 13735325-13755324	42.70
X_13827596_13834542 X- 13827596-13834542	39.89
X_13843762_13851290 X- 13843762-13851290	37.26
X_14163421_14171523 X+ 14163421-14171523	37.13
X_14209557_14220516 X- 14209557-14220516	41.66
X_14236145_14246796 X- 14236145-14246796	40.69
X_14251831_14257282 X+ 14251831-14257282	43.32
X_14277978_14290780 X+ 14277978-14290780	44.99
X_14295216_14315215 X- 14295216-14315215	43.18
X_14487706_14491052 X- 14487706-14491052	44.34
X_14682007_14687978 X- 14682007-14687978	40.15
X_14690599_14691618 X- 14690599-14691618	39.31
X_14750011_14751727 X- 14750011-14751727	41.00
X_14917676_14918825 X+ 14917676-14918825	29.48
X_15115208_15128485 X+ 15115208-15128485	39.60
X_15168065_15188064 X+ 15168065-15188064	40.40
X_15201422_15220187 X- 15201422-15220187	41.37
X_15517820_15523024 X- 15517820-15523024	39.96
X_15604902_15606634 X- 15604902-15606634	38.55
X_15793773_15794851 X- 15793773-15794851	40.13
X_15858660_15863869 X- 15858660-15863869	36.45
X_15874934_15878759 X+ 15874934-15878759	37.56
X_16036051_16056050 X- 16036051-16056050	39.99
X_16198884_16200305 X- 16198884-16200305	32.21
X_16204840_16206194 X+ 16204840-16206194	35.20
X_16222125_16224620 X+ 16222125-16224620	37.06
X_16233339_16235290 X+ 16233339-16235290	44.62
X_16244202_16253130 X- 16244202-16253130	39.05
X_16302023_16310359 X+ 16302023-16310359	41.07
X_16313195_16316598 X- 16313195-16316598	39.75
X_16320837_16339619 X- 16320837-16339619	41.34
X_16348701_16368700 X- 16348701-16368700	40.18
X_16375858_16393214 X+ 16375858-16393214	41.63
X_16400023_16409650 X- 16400023-16409650	42.04
X_16440719_16442103 X- 16440719-16442103	42.60
X_16449171_16451651 X- 16449171-16451651	38.45
X_16557288_16561601 X- 16557288-16561601	38.57
X_16565359_16567361 X+ 16565359-16567361	44.63
X_16602996_16618184 X+ 16602996-16618184	39.82
X_16747388_16762517 X- 16747388-16762517	42.82
X_16807592_16811869 X+ 16807592-16811869	43.15
X_17032491_17042331 X+ 17032491-17042331	39.95
X_17099805_17106533 X+ 17099805-17106533	42.73
X_17108989_17111415 X+ 17108989-17111415	40.87
X_17122795_17142794 X- 17122795-17142794	41.79
X_17157933_17160104 X+ 17157933-17160104	38.58
X_17220438_17222496 X+ 17220438-17222496	43.52
X_17228057_17240460 X- 17228057-17240460	46.04
X_17242428_17261204 X+ 17242428-17261204	48.47
X_17267244_17274016 X- 17267244-17274016	45.03
X_17275683_17287733 X- 17275683-17287733	44.19
X_17291212_17296009 X- 17291212-17296009	47.98
X_17397475_17401823 X- 17397475-17401823	43.34
X_17407418_17409779 X+ 17407418-17409779	46.32
X_17552715_17572714 X+ 17552715-17572714	46.49
X_17710732_17730165 X- 17710732-17730165	40.35
X_17821611_17841610 X- 17821611-17841610	44.45
X_17843343_17848462 X- 17843343-17848462	46.43
X_17885385_17905384 X+ 17885385-17905384	42.70
X_17918099_17924973 X- 17918099-17924973	46.09
X_18000942_18004042 X+ 18000942-18004042	39.79
X_18081941_18083860 X+ 18081941-18083860	39.90
X_18091121_18093443 X+ 18091121-18093443	39.78
X_18131597_18135864 X+ 18131597-18135864	35.26
X_18317226_18330276 X- 18317226-18330276	44.22
X_18360201_18361447 X- 18360201-18361447	49.24
X_18366328_18368332 X- 18366328-18368332	35.46
X_18681527_18683206 X+ 18681527-18683206	34.46
X_18696726_18716725 X- 18696726-18716725	43.97
X_18839074_18843255 X+ 18839074-18843255	38.71
X_18844832_18851448 X+ 18844832-18851448	42.50
X_18861047_18862117 X- 18861047-18862117	37.16
X_18920101_18929789 X- 18920101-18929789	41.14
X_18936387_18956386 X- 18936387-18956386	43.57
X_18961532_18970225 X+ 18961532-18970225	46.54
X_18971698_18980516 X+ 18971698-18980516	41.85
X_19163265_19170125 X+ 19163265-19170125	41.54
X_19173712_19189982 X+ 19173712-19189982	41.48
X_19218506_19238505 X- 19218506-19238505	41.22
X_19269360_19285336 X+ 19269360-19285336	43.61
X_19297627_19317626 X- 19297627-19317626	44.65
X_19327990_19336007 X+ 19327990-19336007	43.49
X_19338075_19347025 X+ 19338075-19347025	46.01
X_19351804_19353022 X- 19351804-19353022	44.71
X_19524897_19539687 X- 19524897-19539687	42.01
X_19547028_19559990 X- 19547028-19559990	40.18
X_19561784_19566348 X- 19561784-19566348	40.79
X_19567917_19586452 X+ 19567917-19586452	39.70
X_19589909_19609908 X- 19589909-19609908	40.45
X_19666984_19671673 X- 19666984-19671673	38.81
X_19673765_19678176 X+ 19673765-19678176	42.52
X_19787133_19794284 X+ 19787133-19794284	45.79
X_19985805_19990943 X- 19985805-19990943	40.65
X_19992508_19994956 X+ 19992508-19994956	36.26
X_19998042_19999527 X- 19998042-19999527	42.66
X_20056381_20069056 X+ 20056381-20069056	43.16
X_20080569_20100568 X+ 20080569-20100568	42.60
X_20112364_20122982 X+ 20112364-20122982	41.81
X_20125585_20141556 X+ 20125585-20141556	40.64
X_20143865_20155965 X- 20143865-20155965	41.71
X_20419657_20425625 X+ 20419657-20425625	38.23
X_20454732_20471402 X+ 20454732-20471402	39.60
X_20742375_20762374 X+ 20742375-20762374	38.62
X_20771931_20777246 X- 20771931-20777246	40.65
JPYS01003690_7499_12750 JPYS01003690- 7499-12750	45.77
JPYS01003690_53113_55023 JPYS01003690+ 53113-55023	47.20
JPYS01003690_55574_57047 JPYS01003690+ 55574-57047	40.43
JPYS01003690_57172_67130 JPYS01003690- 57172-67130	45.76
JPYS01003690_67296_73112 JPYS01003690- 67296-73112	47.38
JPYS01003690_82781_96860 JPYS01003690- 82781-96860	44.79
JPYS01003690_115884_128497 JPYS01003690- 115884-128497	45.28
JPYS01003690_130143_135485 JPYS01003690- 130143-135485	45.11
JPYS01003690_138455_150157 JPYS01003690- 138455-150157	44.19
JPYS01000010_24278_44277 JPYS01000010- 24278-44277	37.24
JPYS01000011_501_7127 JPYS01000011- 501-7127	43.22
JPYS01000011_8525_21228 JPYS01000011+ 8525-21228	47.02
JPYS01001432_501_2307 JPYS01001432+ 501-2307	34.20
JPYS01002836_502_2371 JPYS01002836- 502-2371	39.04
