libraryId	cutoffTPM	proportionGenicPresent	numberGenicPresent	numberGenic	proportionCodingPresent	numberPresentCoding	numberCoding	proportionIntergenicPresent	numberIntergenicPresent	numberIntergenic	approach	cutoff	mean	standard_deviation
SRX109278	5.69611	42.6012242376593	7586	17807	50.3979350397935	7029	13947	0.0426075841499787	1	2347	pValueCutoff	0.001	0.0846471745126304	3.90205682711478
SRX109278	2.01084	55.225473128545	9834	17807	64.1141464114146	8942	13947	0.170430336599915	4	2347	pValueCutoff	0.01	0.0846471745126304	3.90205682711478
SRX109278	0.795099	62.7730667714944	11178	17807	72.3883272388327	10096	13947	0.809544098849595	19	2347	pValueCutoff	0.05	0.0846471745126304	3.90205682711478
SRX109278	0.259038	68.1810523951255	12141	17807	78.2175378217538	10909	13947	3.15296122709842	74	2347	qValueCutoff	0.05	NA	NA
SRX109279	2.984201	55.7308923457067	9924	17807	64.3507564350756	8975	13947	0.255645504899872	6	2347	pValueCutoff	0.001	0.0853326306695692	3.1586787314893
SRX109279	1.2397	65.1934632447914	11609	17807	74.1234674123467	10338	13947	0.468683425649766	11	2347	pValueCutoff	0.01	0.0853326306695692	3.1586787314893
SRX109279	0.565889	71.2135676980963	12681	17807	80.2179680217968	11188	13947	2.002556455049	47	2347	pValueCutoff	0.05	0.0853326306695692	3.1586787314893
SRX109279	0.480715	72.2075588251811	12858	17807	81.2647881264788	11334	13947	2.25820195994887	53	2347	qValueCutoff	0.05	NA	NA
SRX1720957	3.21228	50.9911832425451	9080	17807	58.5143758514376	8161	13947	0.34086067319983	8	2347	pValueCutoff	0.001	0.0560496393958591	3.70576482071868
SRX1720957	1.180406	60.7682372100859	10821	17807	68.3301068330107	9530	13947	1.06518960374947	25	2347	pValueCutoff	0.01	0.0560496393958591	3.70576482071868
SRX1720957	0.483472	67.9788847082608	12105	17807	75.9303075930308	10590	13947	3.36599914784832	79	2347	pValueCutoff	0.05	0.0560496393958591	3.70576482071868
SRX1720957	0.873278	63.2447913741787	11262	17807	70.9758370975837	9899	13947	1.66169578184917	39	2347	qValueCutoff	0.05	NA	NA
SRX1720958	3.11558	50.13197057337	8927	17807	57.4101957410196	8007	13947	0.255645504899872	6	2347	pValueCutoff	0.001	0.0525843503863165	3.74542665119356
SRX1720958	1.13514	60.7120795192902	10811	17807	68.2584068258407	9520	13947	1.1930123561994	28	2347	pValueCutoff	0.01	0.0525843503863165	3.74542665119356
SRX1720958	0.461774	68.2091312405234	12146	17807	76.2171076217108	10630	13947	3.53642948444823	83	2347	pValueCutoff	0.05	0.0525843503863165	3.74542665119356
SRX1720958	0.839413	63.2391756050991	11261	17807	70.9184770918477	9891	13947	1.78951853429911	42	2347	qValueCutoff	0.05	NA	NA
SRX493950	0.786918	45.5495030044365	8111	17807	49.8888649888865	6958	13947	0.639113762249681	15	2347	pValueCutoff	0.001	0.0100075488872971	4.10593765011725
SRX493950	0.267613	62.7337563879373	11171	17807	67.4553667455367	9408	13947	1.95994887089902	46	2347	pValueCutoff	0.01	0.0100075488872971	4.10593765011725
SRX493950	0.10226	73.6395799404728	13113	17807	78.0096078009608	10880	13947	3.91989774179804	92	2347	pValueCutoff	0.05	0.0100075488872971	4.10593765011725
SRX493950	0.163839	68.8661762228337	12263	17807	73.4781673478167	10248	13947	2.5990626331487	61	2347	qValueCutoff	0.05	NA	NA
SRX493999	0.458638	45.8696018419723	8168	17807	49.5518749551875	6911	13947	0.809544098849595	19	2347	pValueCutoff	0.001	0.00540322019866407	4.20851774488374
SRX493999	0.152988	64.6880440276296	11519	17807	68.9252168925217	9613	13947	2.13037920749893	50	2347	pValueCutoff	0.01	0.00540322019866407	4.20851774488374
SRX493999	0.05752427	75.6556410400404	13472	17807	79.3503979350398	11067	13947	4.72944184064763	111	2347	pValueCutoff	0.05	0.00540322019866407	4.20851774488374
SRX493999	0.0783174	72.6680518897063	12940	17807	76.4967376496738	10669	13947	3.66425223689817	86	2347	qValueCutoff	0.05	NA	NA
ERX011222	0.442367	32.2159044087351	19547	60675	74.3553797626796	14851	19973	0.0683126768810384	14	20494	pValueCutoff	0.001	0.0137896666494983	3.07116458926763
ERX011222	0.187697	37.4602389781623	22729	60675	78.7463075151454	15728	19973	0.439152922806675	90	20494	pValueCutoff	0.01	0.0137896666494983	3.07116458926763
ERX011222	0.0873245	41.5624227441286	25218	60675	81.6602413257898	16310	19973	2.29335415243486	470	20494	pValueCutoff	0.05	0.0137896666494983	3.07116458926763
ERX011222	0.100378	40.9048207663783	24819	60675	81.2096330045562	16220	19973	1.69805796818581	348	20494	qValueCutoff	0.05	NA	NA
ERX011227	0.558672	31.9489081170169	19385	60675	72.5379262003705	14488	19973	0.0390358153605933	8	20494	pValueCutoff	0.001	0.0160582451585412	3.15248278414324
ERX011227	0.232294	37.7387721466831	22898	60675	77.5096380113153	15481	19973	0.312286522884747	64	20494	pValueCutoff	0.01	0.0160582451585412	3.15248278414324
ERX011227	0.106155	42.2645241038319	25644	60675	80.8291193110699	16144	19973	2.06401873719137	423	20494	pValueCutoff	0.05	0.0160582451585412	3.15248278414324
ERX011227	0.116762	41.8063452822415	25366	60675	80.4936664497071	16077	19973	1.62974529130477	334	20494	qValueCutoff	0.05	NA	NA
ERX288491	0.3583514	36.7597857437165	22304	60675	77.9151855004256	15562	19973	0.23421489216356	48	20494	pValueCutoff	0.001	0.0249789766201111	2.36712531541117
ERX288491	0.185466	39.4297486608982	23924	60675	80.2783758073399	16034	19973	0.76119839953157	156	20494	pValueCutoff	0.01	0.0249789766201111	2.36712531541117
ERX288491	0.10308	41.1372064276885	24960	60675	81.9456265959045	16367	19973	2.22992095247389	457	20494	pValueCutoff	0.05	0.0249789766201111	2.36712531541117
ERX288491	0.14798	40.1433868974042	24357	60675	80.9793220848145	16174	19973	1.26378452229921	259	20494	qValueCutoff	0.05	NA	NA
ERX288496	0.2814166	36.7812113720643	22317	60675	78.1655234566665	15612	19973	0.239094369083634	49	20494	pValueCutoff	0.001	0.0168651250564192	2.4861776707876
ERX288496	0.140346	39.9456118665019	24237	60675	80.9192409753167	16162	19973	0.809993168732312	166	20494	pValueCutoff	0.01	0.0168651250564192	2.4861776707876
ERX288496	0.0754832	41.7519571487433	25333	60675	82.6315525960046	16504	19973	2.27383624475456	466	20494	pValueCutoff	0.05	0.0168651250564192	2.4861776707876
ERX288496	0.105168	40.8603213844252	24792	60675	81.7253291944125	16323	19973	1.31745876842003	270	20494	qValueCutoff	0.05	NA	NA
ERX288531	0.285983	36.4845488257108	22137	60675	77.9752666099234	15574	19973	0.229335415243486	47	20494	pValueCutoff	0.001	0.0165511146179118	2.51449947236274
ERX288531	0.14144	39.746188710342	24116	60675	80.8691733840685	16152	19973	0.751439445691422	154	20494	pValueCutoff	0.01	0.0165511146179118	2.51449947236274
ERX288531	0.0754417	41.5096827358879	25186	60675	82.4763430631352	16473	19973	2.11281350639211	433	20494	pValueCutoff	0.05	0.0165511146179118	2.51449947236274
ERX288531	0.102389	40.761433868974	24732	60675	81.7453562309117	16327	19973	1.23938713769884	254	20494	qValueCutoff	0.05	NA	NA
ERX288596	0.7072	32.2224969097651	19551	60675	73.6594402443298	14712	19973	0.146384307602225	30	20494	pValueCutoff	0.001	0.0509191194940889	2.34211774177593
ERX288596	0.369266	34.3255047383601	20827	60675	76.3280428578581	15245	19973	0.541621938128233	111	20494	pValueCutoff	0.01	0.0509191194940889	2.34211774177593
ERX288596	0.206555	35.8071693448702	21726	60675	78.3858208581585	15656	19973	1.63950424514492	336	20494	pValueCutoff	0.05	0.0509191194940889	2.34211774177593
ERX288596	0.270057	35.2286773794808	21375	60675	77.5546988434386	15490	19973	0.971015907094759	199	20494	qValueCutoff	0.05	NA	NA
ERX288597	0.498771	38.3090234857849	23244	60675	77.0990837630802	15399	19973	0.278130184444228	57	20494	pValueCutoff	0.001	0.0227191538310496	2.71654002350984
ERX288597	0.232328	43.9390193654718	26660	60675	80.7089570920743	16120	19973	0.93685956865424	192	20494	pValueCutoff	0.01	0.0227191538310496	2.71654002350984
ERX288597	0.1175733453	48.4548825710754	29400	60675	83.8381815450859	16745	19973	3.04479359812628	624	20494	pValueCutoff	0.05	0.0227191538310496	2.71654002350984
ERX288597	0.1357423	47.622579316028	28895	60675	83.1772893406098	16613	19973	2.34702839855568	481	20494	qValueCutoff	0.05	NA	NA
ERX288615	0.518358	38.7556654305727	23515	60675	77.8601111500526	15551	19973	0.239094369083634	49	20494	pValueCutoff	0.001	0.0250793111120892	2.66460343957465
ERX288615	0.245246	44.5026782035435	27002	60675	81.820457617784	16342	19973	0.853908461012979	175	20494	pValueCutoff	0.01	0.0250793111120892	2.66460343957465
ERX288615	0.125759	48.6246394725999	29503	60675	84.6092224503079	16899	19973	3.06919098272665	629	20494	pValueCutoff	0.05	0.0250793111120892	2.66460343957465
ERX288615	0.144739	47.8335393489905	29023	60675	84.0885195013268	16795	19973	2.29335415243486	470	20494	qValueCutoff	0.05	NA	NA
ERX288620	0.356786	37.011948908117	22457	60675	78.0103139237971	15581	19973	0.243973846003708	50	20494	pValueCutoff	0.001	0.0247897753282583	2.37011090350334
ERX288620	0.184582	39.6390605686032	24051	60675	80.3935312672107	16057	19973	0.785595784131941	161	20494	pValueCutoff	0.01	0.0247897753282583	2.37011090350334
ERX288620	0.102498	41.3135558302431	25067	60675	82.1158564061483	16401	19973	2.24943886015419	461	20494	pValueCutoff	0.05	0.0247897753282583	2.37011090350334
ERX288620	0.149617	40.2900700453234	24446	60675	81.0394031943123	16186	19973	1.17595393773787	241	20494	qValueCutoff	0.05	NA	NA
ERX288640	0.662674	32.4713638236506	19702	60675	73.9348119961949	14767	19973	0.17566116912267	36	20494	pValueCutoff	0.001	0.0506541507158039	2.29768437952756
ERX288640	0.350836	34.5859085290482	20985	60675	76.6434686827217	15308	19973	0.600175661169123	123	20494	pValueCutoff	0.01	0.0506541507158039	2.29768437952756
ERX288640	0.199264	36.0065925010301	21847	60675	78.5810844640264	15695	19973	1.79564750658729	368	20494	pValueCutoff	0.05	0.0506541507158039	2.29768437952756
ERX288640	0.271048	35.2929542645241	21414	60675	77.5346718069394	15486	19973	0.951497999414463	195	20494	qValueCutoff	0.05	NA	NA
SRX1020488	0.043264	34.9072929542645	21180	60675	71.3463175286637	14250	19973	0.165902215282522	34	20494	pValueCutoff	0.001	0.00283244712486294	2.41599667105163
SRX1020488	0.0220485	41.306963329213	25063	60675	76.0726981424924	15194	19973	0.829511076412608	170	20494	pValueCutoff	0.01	0.00283244712486294	2.41599667105163
SRX1020488	0.012091	46.0140090646889	27919	60675	79.4722875882441	15873	19973	3.15702156728799	647	20494	pValueCutoff	0.05	0.00283244712486294	2.41599667105163
SRX1020488	0.0142662	44.9493201483313	27273	60675	78.6962399238973	15718	19973	2.1908851371133	449	20494	qValueCutoff	0.05	NA	NA
SRX1020489	0.369008	38.5908529048208	23415	60675	71.5415811345316	14289	19973	0.561139845808529	115	20494	pValueCutoff	0.001	0.0803815144254438	1.63741669956457
SRX1020489	0.253153	45.4866089822827	27599	60675	76.2929955439844	15238	19973	1.07836439933639	221	20494	pValueCutoff	0.01	0.0803815144254438	1.63741669956457
SRX1020489	0.180901	52.8866913885455	32089	60675	80.5387272818305	16086	19973	2.53732799843857	520	20494	pValueCutoff	0.05	0.0803815144254438	1.63741669956457
SRX1020489	0.176744	53.4371652245571	32423	60675	80.8391328293196	16146	19973	2.77154289060213	568	20494	qValueCutoff	0.05	NA	NA
SRX4794870	3.23957	17.3102595797281	10503	60675	45.3562309117308	9059	19973	0.141504830682151	29	20494	pValueCutoff	0.001	0.0548911701072974	3.74183824742629
SRX4794870	1.18235	25.3349814585909	15372	60675	59.72562959996	11929	19973	0.873426368693276	179	20494	pValueCutoff	0.01	0.0548911701072974	3.74183824742629
SRX4794870	0.481162	32.459826946848	19695	60675	68.5725729735142	13696	19973	3.73767932077681	766	20494	pValueCutoff	0.05	0.0548911701072974	3.74183824742629
SRX4794870	1.28381	24.713638236506	14995	60675	58.8394332348671	11752	19973	0.800234214892164	164	20494	qValueCutoff	0.05	NA	NA
SRX4794871	0.850566	16.6295838483725	10090	60675	45.3462173934812	9057	19973	0.0683126768810384	14	20494	pValueCutoff	0.001	0.0151130134651518	3.6844729728455
SRX4794871	0.314101	24.0576843840132	14597	60675	60.3164271766885	12047	19973	0.595296184249049	122	20494	pValueCutoff	0.01	0.0151130134651518	3.6844729728455
SRX4794871	0.129143	29.5393489905233	17923	60675	68.3672958493967	13655	19973	2.63491753684005	540	20494	pValueCutoff	0.05	0.0151130134651518	3.6844729728455
SRX4794871	0.2515323	25.6332921302019	15553	60675	62.7847594252241	12540	19973	0.888064799453499	182	20494	qValueCutoff	0.05	NA	NA
SRX4794872	3.077564	14.401318500206	8738	60675	39.3631402393231	7862	19973	0.11710744608178	24	20494	pValueCutoff	0.001	0.0492388982035174	3.81175366555302
SRX4794872	1.107547	23.3770086526576	14184	60675	57.1821959645521	11421	19973	0.892944276373573	183	20494	pValueCutoff	0.01	0.0492388982035174	3.81175366555302
SRX4794872	0.44481	30.6913885455295	18622	60675	66.9153357031993	13365	19973	3.64008978237533	746	20494	pValueCutoff	0.05	0.0492388982035174	3.81175366555302
SRX4794872	1.24923	22.3650597445406	13570	60675	55.5499924898613	11095	19973	0.683126768810384	140	20494	qValueCutoff	0.05	NA	NA
SRX4794873	16.00494	4.20766378244747	2553	60675	11.7258298703249	2342	19973	0.0487947692007417	10	20494	pValueCutoff	0.001	0.0675515077185499	5.86576113614597
SRX4794873	4.14109	12.8669138854553	7807	60675	35.1324287788514	7017	19973	0.136625353762077	28	20494	pValueCutoff	0.01	0.0675515077185499	5.86576113614597
SRX4794873	1.2400096	19.6769674495262	11939	60675	51.7098082411255	10328	19973	0.70264467649068	144	20494	pValueCutoff	0.05	0.0675515077185499	5.86576113614597
SRX4794873	1.26374	19.5797280593325	11880	60675	51.5195513943824	10290	19973	0.688006245730458	141	20494	qValueCutoff	0.05	NA	NA
SRX4794874	2.930157	17.5475896168109	10647	60675	46.6579882841837	9319	19973	0.131745876842003	27	20494	pValueCutoff	0.001	0.0492044112214814	3.75249291012803
SRX4794874	1.067119	26.1705809641533	15879	60675	61.0824613227858	12200	19973	0.883185322533425	181	20494	pValueCutoff	0.01	0.0492044112214814	3.75249291012803
SRX4794874	0.433188	33.9151215492377	20578	60675	69.6790667400991	13917	19973	3.89870205913926	799	20494	pValueCutoff	0.05	0.0492044112214814	3.75249291012803
SRX4794874	1.11439	25.8211784095591	15667	60675	60.6168327241776	12107	19973	0.81975212257246	168	20494	qValueCutoff	0.05	NA	NA
SRX4794906	2.865846	21.4470539761022	13013	60675	56.1808441395885	11221	19973	0.11710744608178	24	20494	pValueCutoff	0.001	0.0483509424578633	3.7470810726203
SRX4794906	1.045069	29.4289245982695	17856	60675	67.0605317178191	13394	19973	0.790475261052015	162	20494	pValueCutoff	0.01	0.0483509424578633	3.7470810726203
SRX4794906	0.4247606	36.9559126493614	22423	60675	74.0950282881891	14799	19973	3.66936664389577	752	20494	pValueCutoff	0.05	0.0483509424578633	3.7470810726203
SRX4794906	0.9536014	30.1656365883807	18303	60675	67.8265658639163	13547	19973	0.961256953254611	197	20494	qValueCutoff	0.05	NA	NA
SRX4794942	8.30048	14.3222084878451	8690	60675	40.084113553297	8006	19973	0.121986923001854	25	20494	pValueCutoff	0.001	0.0907274111636305	4.31092958824067
SRX4794942	2.71656	23.5896168108776	14313	60675	59.4102037750964	11866	19973	1.12715916853713	231	20494	pValueCutoff	0.01	0.0907274111636305	4.31092958824067
SRX4794942	1.0035626381	32.6493613514627	19810	60675	69.4387423021078	13869	19973	4.45008295110764	912	20494	pValueCutoff	0.05	0.0907274111636305	4.31092958824067
SRX4794942	2.67706	23.7033374536465	14382	60675	59.5553997897161	11895	19973	1.1710744608178	240	20494	qValueCutoff	0.05	NA	NA
SRX4794949	10.8893	1.07952204367532	655	60675	2.64857557702899	529	19973	0.0731921538011125	15	20494	pValueCutoff	0.001	0.0826880324465854	4.84969031884633
SRX4794949	3.25691	3.66213432220849	2222	60675	9.55790316927853	1909	19973	0.404996584366156	83	20494	pValueCutoff	0.01	0.0826880324465854	4.84969031884633
SRX4794949	1.1100532	8.47630819942316	5143	60675	22.1899564411956	4432	19973	1.59558895286425	327	20494	pValueCutoff	0.05	0.0826880324465854	4.84969031884633
SRX4794949	64.1047	0.181293778327153	110	60675	0.245331197116107	49	19973	0.00487947692007417	1	20494	qValueCutoff	0.05	NA	NA
SRX815513	3.199015	29.3300370828183	17796	60675	57.5526961397887	11495	19973	0.170781692202596	35	20494	pValueCutoff	0.001	0.166753366195606	2.60089909615426
SRX815513	1.54098	37.2393901936547	22595	60675	65.1078956591398	13004	19973	0.800234214892164	164	20494	pValueCutoff	0.01	0.166753366195606	2.60089909615426
SRX815513	0.803515	44.1450350226617	26785	60675	70.7905672658088	14139	19973	3.2497316287694	666	20494	pValueCutoff	0.05	0.166753366195606	2.60089909615426
SRX815513	0.973822	42.1985990935311	25604	60675	69.1483502728684	13811	19973	2.13721089099249	438	20494	qValueCutoff	0.05	NA	NA
SRX815514	1.544442	29.9316028018129	18161	60675	59.3601361838482	11856	19973	0.195179076802967	40	20494	pValueCutoff	0.001	0.0778713348143897	2.62916357290879
SRX815514	0.737953	37.6415327564895	22839	60675	66.6800180243329	13318	19973	0.824631599492534	169	20494	pValueCutoff	0.01	0.0778713348143897	2.62916357290879
SRX815514	0.381978	44.3955500618047	26937	60675	72.0372502878887	14388	19973	3.25949058260954	668	20494	pValueCutoff	0.05	0.0778713348143897	2.62916357290879
SRX815514	0.466661	42.4309847548414	25745	60675	70.3499724628248	14051	19973	2.16160827559286	443	20494	qValueCutoff	0.05	NA	NA
SRX815515	0.489958	34.1260815822002	20706	60675	69.3085665648626	13843	19973	0.224455938323412	46	20494	pValueCutoff	0.001	0.027503968677316	2.5394525198635
SRX815515	0.240431	41.1553358055212	24971	60675	74.4404946678015	14868	19973	1.01493119937543	208	20494	pValueCutoff	0.01	0.027503968677316	2.5394525198635
SRX815515	0.127402	46.7919241862382	28391	60675	78.7062534421469	15720	19973	3.64008978237533	746	20494	pValueCutoff	0.05	0.027503968677316	2.5394525198635
SRX815515	0.158881	44.9311907704986	27262	60675	77.3644419966955	15452	19973	2.14696984483263	440	20494	qValueCutoff	0.05	NA	NA
SRX815516	0.3969066	34.5348166460651	20954	60675	69.3536273969859	13852	19973	0.156143261442373	32	20494	pValueCutoff	0.001	0.021389714427592	2.57284256857086
SRX815516	0.192739	41.5113308611454	25187	60675	74.4204676313023	14864	19973	0.917341660973944	188	20494	pValueCutoff	0.01	0.021389714427592	2.57284256857086
SRX815516	0.101242	47.6341161928307	28902	60675	78.4909627997797	15677	19973	3.33268273641066	683	20494	pValueCutoff	0.05	0.021389714427592	2.57284256857086
SRX815516	0.12206	45.9414915533581	27875	60675	77.3344014419466	15446	19973	2.33238996779545	478	20494	qValueCutoff	0.05	NA	NA
SRX815517	0.431063	35.1693448702101	21339	60675	69.7741951634707	13936	19973	0.224455938323412	46	20494	pValueCutoff	0.001	0.0257947681743626	2.48724411856346
SRX815517	0.214889	41.9217140502678	25436	60675	74.3653932809293	14853	19973	0.971015907094759	199	20494	pValueCutoff	0.01	0.0257947681743626	2.48724411856346
SRX815517	0.115489	47.6769674495262	28928	60675	78.5360236319031	15686	19973	3.50834390553333	719	20494	pValueCutoff	0.05	0.0257947681743626	2.48724411856346
SRX815517	0.140907	45.9299546765554	27868	60675	77.2342662594503	15426	19973	2.33238996779545	478	20494	qValueCutoff	0.05	NA	NA
SRX815518	0.39045904	35.4231561598681	21493	60675	71.2461823461673	14230	19973	0.17566116912267	36	20494	pValueCutoff	0.001	0.0211975617906974	2.56697153332525
SRX815518	0.189995	42.4194478780387	25738	60675	76.1477995293646	15209	19973	0.941739045574314	193	20494	pValueCutoff	0.01	0.0211975617906974	2.56697153332525
SRX815518	0.100007	48.1318500206016	29204	60675	79.972963500726	15973	19973	3.36683907485118	690	20494	pValueCutoff	0.05	0.0211975617906974	2.56697153332525
SRX815518	0.118438	46.6716110424392	28318	60675	79.0316927852601	15785	19973	2.27871572167464	467	20494	qValueCutoff	0.05	NA	NA
ERX012346	0.457715	26.4494386072413	14676	55487	54.6635667396061	11991	21936	0.400256163944925	125	31230	pValueCutoff	0.001	0.0100693368757939	3.43869089030569
ERX012346	0.178196	30.7477427145097	17061	55487	59.4411013858497	13039	21936	1.28722382324688	402	31230	pValueCutoff	0.01	0.0100693368757939	3.43869089030569
ERX012346	0.0768012	34.173770432714	18962	55487	63.2521881838074	13875	21936	3.65994236311239	1143	31230	pValueCutoff	0.05	0.0100693368757939	3.43869089030569
ERX012346	0.176363	30.7964027610071	17088	55487	59.4958059810357	13051	21936	1.30963816842779	409	31230	qValueCutoff	0.05	NA	NA
ERX012361	0.585668	24.9770216447096	13859	55487	52.5483223924143	11527	21936	0.406660262568044	127	31230	pValueCutoff	0.001	0.0128492057055967	3.44174688563248
ERX012361	0.227865	29.0860922378215	16139	55487	57.5218818380744	12618	21936	1.25200128081972	391	31230	pValueCutoff	0.01	0.0128492057055967	3.44174688563248
ERX012361	0.0981339	32.6004289292988	18089	55487	61.6475200583516	13523	21936	3.70797310278578	1158	31230	pValueCutoff	0.05	0.0128492057055967	3.44174688563248
ERX012361	0.236735	28.9256943067746	16050	55487	57.3532093362509	12581	21936	1.20717259045789	377	31230	qValueCutoff	0.05	NA	NA
ERX012364	0.5867055	25.296015282859	14036	55487	52.9494894237783	11615	21936	0.413064361191162	129	31230	pValueCutoff	0.001	0.012915650445912	3.43788107726458
ERX012364	0.228531	29.4897904013553	16363	55487	57.9504011670314	12712	21936	1.32244636567403	413	31230	pValueCutoff	0.01	0.012915650445912	3.43788107726458
ERX012364	0.0985272	32.9428514787247	18279	55487	61.925601750547	13584	21936	3.74959974383606	1171	31230	pValueCutoff	0.05	0.012915650445912	3.43788107726458
ERX012364	0.241667	29.2699190801449	16241	55487	57.7179066374909	12661	21936	1.20397054114633	376	31230	qValueCutoff	0.05	NA	NA
ERX012370	0.371765	26.9306324003821	14943	55487	55.2470824215901	12119	21936	0.457893051552994	143	31230	pValueCutoff	0.001	0.00882979027139423	3.35360696838886
ERX012370	0.147598	31.3118388090904	17374	55487	59.9881473377097	13159	21936	1.33205251360871	416	31230	pValueCutoff	0.01	0.00882979027139423	3.35360696838886
ERX012370	0.064623	34.4549173680321	19118	55487	63.5758570386579	13946	21936	3.68555875760487	1151	31230	pValueCutoff	0.05	0.00882979027139423	3.35360696838886
ERX012370	0.147676	31.3100365851461	17373	55487	59.9835886214442	13158	21936	1.33205251360871	416	31230	qValueCutoff	0.05	NA	NA
ERX012375	0.579664	25.892551408438	14367	55487	53.4327133479212	11721	21936	0.470701248799231	147	31230	pValueCutoff	0.001	0.0142623362486351	3.31629304970895
ERX012375	0.232028	30.4503757636924	16896	55487	58.6068563092633	12856	21936	1.50176112712136	469	31230	pValueCutoff	0.01	0.0142623362486351	3.31629304970895
ERX012375	0.10247	34.2909149890965	19027	55487	62.6048504741065	13733	21936	4.17867435158501	1305	31230	pValueCutoff	0.05	0.0142623362486351	3.31629304970895
ERX012375	0.258447	29.9205219240543	16602	55487	58.0142231947484	12726	21936	1.28402177393532	401	31230	qValueCutoff	0.05	NA	NA
ERX012377	0.523616	26.3557229621353	14624	55487	54.4310722100656	11940	21936	0.409862311879603	128	31230	pValueCutoff	0.001	0.0127453785567715	3.32797276356617
ERX012377	0.209022	30.6774559806802	17022	55487	59.3408096280087	13017	21936	1.41530579570925	442	31230	pValueCutoff	0.01	0.0127453785567715	3.32797276356617
ERX012377	0.0921073	34.2638816299313	19012	55487	63.1108679795769	13844	21936	3.93211655459494	1228	31230	pValueCutoff	0.05	0.0127453785567715	3.32797276356617
ERX012377	0.224275	30.3494512228089	16840	55487	58.9669948942378	12935	21936	1.30003202049312	406	31230	qValueCutoff	0.05	NA	NA
ERX016336	1.53954623	14.4700560491647	8029	55487	33.4746535375638	7343	21936	0.121677873839257	38	31230	pValueCutoff	0.001	0.0405152027394595	3.24325919879048
ERX016336	0.625854	18.6349955845513	10340	55487	41.5435813274982	9113	21936	0.291386487351905	91	31230	pValueCutoff	0.01	0.0405152027394595	3.24325919879048
ERX016336	0.280903	22.0916611098095	12258	55487	48.0397520058352	10538	21936	0.74287544028178	232	31230	pValueCutoff	0.05	0.0405152027394595	3.24325919879048
ERX016336	0.1974318	23.3333934074648	12947	55487	50.3874908825675	11053	21936	1.13992955491515	356	31230	qValueCutoff	0.05	NA	NA
ERX016337	1.62184	14.0393245264657	7790	55487	32.5674690007294	7144	21936	0.112071725904579	35	31230	pValueCutoff	0.001	0.0407968498031945	3.29190366626575
ERX016337	0.652328	18.1465928956332	10069	55487	40.9555069292487	8984	21936	0.268972142170989	84	31230	pValueCutoff	0.01	0.0407968498031945	3.29190366626575
ERX016337	0.289725	21.6627318110548	12020	55487	47.3422684172137	10385	21936	0.601985270573167	188	31230	pValueCutoff	0.05	0.0407968498031945	3.29190366626575
ERX016337	0.167646	23.5766936399517	13082	55487	50.9801239970824	11183	21936	1.11431316042267	348	31230	qValueCutoff	0.05	NA	NA
ERX016340	1.60055	15.888406293366	8816	55487	36.6019328956966	8029	21936	0.16010246557797	50	31230	pValueCutoff	0.001	0.0461606375881478	3.15008314616068
ERX016340	0.666505	20.3453061077369	11289	55487	44.9990882567469	9871	21936	0.451488952929875	141	31230	pValueCutoff	0.01	0.0461606375881478	3.15008314616068
ERX016340	0.304784	24.1353830626994	13392	55487	51.6229029905179	11324	21936	1.0726865193724	335	31230	pValueCutoff	0.05	0.0461606375881478	3.15008314616068
ERX016340	0.30346	24.1552075260872	13403	55487	51.6593727206419	11332	21936	1.07588856868396	336	31230	qValueCutoff	0.05	NA	NA
ERX1174307	0.7193022	24.2669454106367	13465	55487	50.7613056163384	11135	21936	0.384245917387128	120	31230	pValueCutoff	0.001	0.00974887079909078	4.0214995967164
ERX1174307	0.248339	29.4663614900788	16350	55487	57.9093727206419	12703	21936	1.45693243675953	455	31230	pValueCutoff	0.01	0.00974887079909078	4.0214995967164
ERX1174307	0.0962049	34.7234487357399	19267	55487	64.3508388037929	14116	21936	4.28113992955492	1337	31230	pValueCutoff	0.05	0.00974887079909078	4.0214995967164
ERX1174307	0.270417	29.0356299673797	16111	55487	57.3851203501094	12588	21936	1.30003202049312	406	31230	qValueCutoff	0.05	NA	NA
ERX1174311	0.560317	24.0164362823724	13326	55487	50.191466083151	11010	21936	0.448286903618316	140	31230	pValueCutoff	0.001	0.00689735272700125	4.14947854767313
ERX1174311	0.18912	29.2915457674771	16253	55487	57.1845368344274	12544	21936	1.48895292987512	465	31230	pValueCutoff	0.01	0.00689735272700125	4.14947854767313
ERX1174311	0.071648	34.817164380846	19319	55487	63.6943836615609	13972	21936	4.42523214857509	1382	31230	pValueCutoff	0.05	0.00689735272700125	4.14947854767313
ERX1174311	0.209601	28.725647448952	15939	55487	56.4551422319475	12384	21936	1.32885046429715	415	31230	qValueCutoff	0.05	NA	NA
ERX1174315	0.534964	24.0092273865951	13322	55487	50.1777899343545	11007	21936	0.464297150176113	145	31230	pValueCutoff	0.001	0.00677320011074233	4.11177557363701
ERX1174315	0.1816629	29.2663146322562	16239	55487	57.2438001458789	12557	21936	1.43131604226705	447	31230	pValueCutoff	0.01	0.00677320011074233	4.11177557363701
ERX1174315	0.0693257	34.7594932146269	19287	55487	63.8995258935084	14017	21936	4.34197886647454	1356	31230	pValueCutoff	0.05	0.00677320011074233	4.11177557363701
ERX1174315	0.197427	28.8716275884441	16020	55487	56.678519328957	12433	21936	1.31924431636247	412	31230	qValueCutoff	0.05	NA	NA
ERX1174323	0.50424	23.7623227062195	13185	55487	49.735594456601	10910	21936	0.438680755683638	137	31230	pValueCutoff	0.001	0.00658791584894964	4.07026480517393
ERX1174323	0.172743	28.6409429235677	15892	55487	56.450583515682	12383	21936	1.47614473262888	461	31230	pValueCutoff	0.01	0.00658791584894964	4.07026480517393
ERX1174323	0.0663097	33.7340277902932	18718	55487	62.645878920496	13742	21936	4.3611911623439	1362	31230	pValueCutoff	0.05	0.00658791584894964	4.07026480517393
ERX1174323	0.195055	28.0660334853209	15573	55487	55.775893508388	12235	21936	1.28402177393532	401	31230	qValueCutoff	0.05	NA	NA
ERX1174327	0.50188945	23.9533584443203	13291	55487	49.7857403355215	10921	21936	0.445084854306756	139	31230	pValueCutoff	0.001	0.00672066009407972	4.03663023719264
ERX1174327	0.172731	29.0085966082145	16096	55487	56.7833698030635	12456	21936	1.4665385846942	458	31230	pValueCutoff	0.01	0.00672066009407972	4.03663023719264
ERX1174327	0.0667366	34.4206751130896	19099	55487	63.5302698760029	13936	21936	4.25552353506244	1329	31230	pValueCutoff	0.05	0.00672066009407972	4.03663023719264
ERX1174327	0.191339	28.4895561122425	15808	55487	56.0995623632385	12306	21936	1.27441562600064	398	31230	qValueCutoff	0.05	NA	NA
ERX2187489	0.415665	23.7965649611621	13204	55487	52.3705324580598	11488	21936	0.323406980467499	101	31230	pValueCutoff	0.001	0.0100054033449056	3.33967306959065
ERX2187489	0.1654706	28.2967181501973	15701	55487	58.2056892778993	12768	21936	0.947806596221582	296	31230	pValueCutoff	0.01	0.0100054033449056	3.33967306959065
ERX2187489	0.0727466	32.1841151981545	17858	55487	62.7142596644785	13757	21936	2.58725584373999	808	31230	pValueCutoff	0.05	0.0100054033449056	3.33967306959065
ERX2187489	0.130839	29.5042081929101	16371	55487	59.6827133479212	13092	21936	1.24879923150817	390	31230	qValueCutoff	0.05	NA	NA
ERX2187490	0.4486901	23.4739668751239	13025	55487	51.7642231947484	11355	21936	0.294588536663465	92	31230	pValueCutoff	0.001	0.0101240871351601	3.4105125901372
ERX2187490	0.175764	28.0984735163191	15591	55487	58.0187819110139	12727	21936	0.822926673070765	257	31230	pValueCutoff	0.01	0.0101240871351601	3.4105125901372
ERX2187490	0.0761998	31.8218681853407	17657	55487	62.582056892779	13728	21936	2.15497918667947	673	31230	pValueCutoff	0.05	0.0101240871351601	3.4105125901372
ERX2187490	0.115862	30.0304575846595	16663	55487	60.3346097738877	13235	21936	1.32564841498559	414	31230	qValueCutoff	0.05	NA	NA
ERX2187491	0.4466471	21.1527024348045	11737	55487	45.9974471188913	10090	21936	0.16010246557797	50	31230	pValueCutoff	0.001	0.0100797932471774	3.41026601985092
ERX2187491	0.17496	26.0277182042641	14442	55487	54.0937272064187	11866	21936	0.598783221261607	187	31230	pValueCutoff	0.01	0.0100797932471774	3.41026601985092
ERX2187491	0.0758449	29.540252671797	16391	55487	59.5140408460977	13055	21936	1.48895292987512	465	31230	pValueCutoff	0.05	0.0100797932471774	3.41026601985092
ERX2187491	0.0838341	29.1545767477067	16177	55487	58.9214077315828	12925	21936	1.31924431636247	412	31230	qValueCutoff	0.05	NA	NA
SRX080232	3.05229	9.58422693603907	5318	55487	22.6568198395332	4970	21936	0.163304514889529	51	31230	pValueCutoff	0.001	0.0229956776529511	4.86169596626699
SRX080232	0.910665	15.203561194514	8436	55487	35.5169584245077	7791	21936	0.675632404739033	211	31230	pValueCutoff	0.01	0.0229956776529511	4.86169596626699
SRX080232	0.3099657	19.7361544145476	10951	55487	45.3592268417214	9950	21936	1.79634966378482	561	31230	pValueCutoff	0.05	0.0229956776529511	4.86169596626699
SRX080232	0.817845	15.6811505397661	8701	55487	36.5745805981036	8023	21936	0.736471341658662	230	31230	qValueCutoff	0.05	NA	NA
SRX081917	0.645395	25.8583091534954	14348	55487	54.2076951130562	11891	21936	0.48030739673391	150	31230	pValueCutoff	0.001	0.0177277760438148	3.20025080867015
SRX081917	0.2654172	31.0631319047705	17236	55487	59.3681619256017	13023	21936	1.482548831252	463	31230	pValueCutoff	0.01	0.0177277760438148	3.20025080867015
SRX081917	0.120128	35.8948942995657	19917	55487	63.5348285922684	13937	21936	4.11783541466539	1286	31230	pValueCutoff	0.05	0.0177277760438148	3.20025080867015
SRX081917	0.28603	30.6450159496819	17004	55487	58.9897884755653	12940	21936	1.32564841498559	414	31230	qValueCutoff	0.05	NA	NA
SRX081918	0.665149	25.8889469605493	14365	55487	56.1998541210795	12328	21936	0.342619276336856	107	31230	pValueCutoff	0.001	0.0225425391783348	2.98983256780769
SRX081918	0.288241	30.8288427920053	17106	55487	61.9575127644055	13591	21936	1.00864553314121	315	31230	pValueCutoff	0.01	0.0225425391783348	2.98983256780769
SRX081918	0.1366795	34.9234955935625	19378	55487	66.5344638949672	14595	21936	2.70573166826769	845	31230	pValueCutoff	0.05	0.0225425391783348	2.98983256780769
SRX081918	0.247807	31.7263503162903	17604	55487	62.901167031364	13798	21936	1.24559718219661	389	31230	qValueCutoff	0.05	NA	NA
SRX081919	0.706998	25.1536395912556	13957	55487	53.2731582786287	11686	21936	0.441882804995197	138	31230	pValueCutoff	0.001	0.01890838834286	3.2278542983575
SRX081919	0.288916	30.1385910213203	16723	55487	58.6296498905908	12861	21936	1.40569964777458	439	31230	pValueCutoff	0.01	0.01890838834286	3.2278542983575
SRX081919	0.129983	34.7991421414025	19309	55487	62.9239606126915	13803	21936	3.88728786423311	1214	31230	pValueCutoff	0.05	0.01890838834286	3.2278542983575
SRX081919	0.321108	29.4717681619118	16353	55487	57.9412837345004	12710	21936	1.24239513288505	388	31230	qValueCutoff	0.05	NA	NA
SRX1038930	0.415676	24.9878349883757	13865	55487	53.1409555069292	11657	21936	0.422670509125841	132	31230	pValueCutoff	0.001	0.0053324799562506	4.09440891270991
SRX1038930	0.141656	29.4555481464127	16344	55487	58.7937636761488	12897	21936	1.41850784502081	443	31230	pValueCutoff	0.01	0.0053324799562506	4.09440891270991
SRX1038930	0.0541893	34.2044082397679	18979	55487	64.3006929248724	14105	21936	3.82004482869036	1193	31230	pValueCutoff	0.05	0.0053324799562506	4.09440891270991
SRX1038930	0.147088	29.2645124083119	16238	55487	58.5795040116703	12850	21936	1.34806276016651	421	31230	qValueCutoff	0.05	NA	NA
SRX1603066	1.17605	25.8655180492728	14352	55487	56.9748358862144	12498	21936	0.272174191482549	85	31230	pValueCutoff	0.001	0.0181893909207202	3.85394699693952
SRX1603066	0.419619	32.3751509362553	17964	55487	63.8812910284464	14013	21936	1.24879923150817	390	31230	pValueCutoff	0.01	0.0181893909207202	3.85394699693952
SRX1603066	0.167351	38.7117703245805	21480	55487	68.877644055434	15109	21936	4.45725264169068	1392	31230	pValueCutoff	0.05	0.0181893909207202	3.85394699693952
SRX1603066	0.337202	33.8511723466758	18783	55487	65.1440554339898	14290	21936	1.69068203650336	528	31230	qValueCutoff	0.05	NA	NA
SRX1603067	1.4205	25.3050264025808	14041	55487	55.97647702407	12279	21936	0.291386487351905	91	31230	pValueCutoff	0.001	0.0215925954865399	3.87541227508288
SRX1603067	0.50464	31.8020437219529	17646	55487	62.9969000729395	13819	21936	1.29362792187	404	31230	pValueCutoff	0.01	0.0215925954865399	3.87541227508288
SRX1603067	0.200461	38.3098743849911	21257	55487	68.1983953318745	14960	21936	4.72942683317323	1477	31230	pValueCutoff	0.05	0.0215925954865399	3.87541227508288
SRX1603067	0.428144	33.022149332276	18323	55487	64.0362873814734	14047	21936	1.66506564201089	520	31230	qValueCutoff	0.05	NA	NA
SRX1603116	0.51153	25.9988826211545	14426	55487	56.1907366885485	12326	21936	0.358629522894653	112	31230	pValueCutoff	0.001	0.00878661923292844	3.7247181516753
SRX1603116	0.187261	32.0813884333267	17801	55487	62.5045587162655	13711	21936	1.37367915465898	429	31230	pValueCutoff	0.01	0.00878661923292844	3.7247181516753
SRX1603116	0.0764359	38.3441166399337	21276	55487	67.9567833698031	14907	21936	4.64297150176113	1450	31230	pValueCutoff	0.05	0.00878661923292844	3.7247181516753
SRX1603116	0.186761	32.1084217924919	17816	55487	62.5227935813275	13715	21936	1.37688120397054	430	31230	qValueCutoff	0.05	NA	NA
SRX1603117	0.554781	26.2223583902536	14550	55487	56.559992706054	12407	21936	0.304194684598143	95	31230	pValueCutoff	0.001	0.00916322640483861	3.7723553058125
SRX1603117	0.201187	32.3445131292014	17947	55487	62.782640408461	13772	21936	1.31284021773935	410	31230	pValueCutoff	0.01	0.00916322640483861	3.7723553058125
SRX1603117	0.0814018	38.7388036837457	21495	55487	68.120897155361	14943	21936	4.44444444444444	1388	31230	pValueCutoff	0.05	0.00916322640483861	3.7723553058125
SRX1603117	0.1902748	32.7662335321787	18181	55487	63.1564551422319	13854	21936	1.40569964777458	439	31230	qValueCutoff	0.05	NA	NA
SRX1603153	2.94585	14.1907113377908	7874	55487	32.5537928519329	7141	21936	0.259365994236311	81	31230	pValueCutoff	0.001	0.0139998753453432	5.6445309751639
SRX1603153	0.785077	16.9138717176996	9385	55487	35.7768052516411	7848	21936	1.06308037143772	332	31230	pValueCutoff	0.01	0.0139998753453432	5.6445309751639
SRX1603153	0.241413	19.8983545695388	11041	55487	37.9604303428155	8327	21936	3.44220300992635	1075	31230	pValueCutoff	0.05	0.0139998753453432	5.6445309751639
SRX1603153	1.13934	16.1028709427433	8935	55487	35.0154996353027	7681	21936	0.733269292347102	229	31230	qValueCutoff	0.05	NA	NA
SRX1603154	2.09211	15.6378971651017	8677	55487	35.7768052516411	7848	21936	0.21453730387448	67	31230	pValueCutoff	0.001	0.0119896440719953	5.31259710425246
SRX1603154	0.583668	18.3394308576784	10176	55487	38.6715900802334	8483	21936	0.979827089337176	306	31230	pValueCutoff	0.01	0.0119896440719953	5.31259710425246
SRX1603154	0.187013	21.3275181574062	11834	55487	40.6865426695842	8925	21936	3.07396733909702	960	31230	pValueCutoff	0.05	0.0119896440719953	5.31259710425246
SRX1603154	0.692474	17.9861949645863	9980	55487	38.3980671043034	8423	21936	0.816522574447647	255	31230	qValueCutoff	0.05	NA	NA
SRX1603156	0.458112	26.7287833186152	14831	55487	58.0643690736689	12737	21936	0.26577009285943	83	31230	pValueCutoff	0.001	0.00959465155204687	3.49312307113666
SRX1603156	0.1761643	32.3210842179249	17934	55487	63.6123267687819	13954	21936	1.13352545629203	354	31230	pValueCutoff	0.01	0.00959465155204687	3.49312307113666
SRX1603156	0.0750921	37.9296051327338	21046	55487	68.394420131291	15003	21936	4.19788664745437	1311	31230	pValueCutoff	0.05	0.00959465155204687	3.49312307113666
SRX1603156	0.160623	32.9644781660569	18291	55487	64.1411378555799	14070	21936	1.33525456292027	417	31230	qValueCutoff	0.05	NA	NA
SRX1603157	0.4427972	26.712563303116	14822	55487	57.6404084609774	12644	21936	0.284982388728786	89	31230	pValueCutoff	0.001	0.00789966492054145	3.67984184130298
SRX1603157	0.163775	32.7482112927352	18171	55487	63.7126185266229	13976	21936	1.2776176753122	399	31230	pValueCutoff	0.01	0.00789966492054145	3.67984184130298
SRX1603157	0.0673772	38.7189792203579	21484	55487	68.485594456601	15023	21936	4.447646493756	1389	31230	pValueCutoff	0.05	0.00789966492054145	3.67984184130298
SRX1603157	0.133973	34.0620325481644	18900	55487	64.8112691466083	14217	21936	1.72270252961896	538	31230	qValueCutoff	0.05	NA	NA
SRX1603263	0.4611492	26.2097428226431	14543	55487	57.0660102115244	12518	21936	0.297790585975024	93	31230	pValueCutoff	0.001	0.00838077454501988	3.65772853236911
SRX1603263	0.171306	31.859714888172	17678	55487	62.5	13710	21936	1.25200128081972	391	31230	pValueCutoff	0.01	0.00838077454501988	3.65772853236911
SRX1603263	0.0707492	37.6016003748626	20864	55487	67.2957695113056	14762	21936	4.44444444444444	1388	31230	pValueCutoff	0.05	0.00838077454501988	3.65772853236911
SRX1603263	0.142724	33.0113359886099	18317	55487	63.4573304157549	13920	21936	1.62023695164906	506	31230	qValueCutoff	0.05	NA	NA
SRX1603264	0.425671	27.3361327878602	15168	55487	58.7709700948213	12892	21936	0.304194684598143	95	31230	pValueCutoff	0.001	0.00814802552590645	3.59649874770886
SRX1603264	0.16005	33.3465496422586	18503	55487	64.6653902261123	14185	21936	1.26480947806596	395	31230	pValueCutoff	0.01	0.00814802552590645	3.59649874770886
SRX1603264	0.0669079	39.4416710220412	21885	55487	69.4201312910284	15228	21936	4.51168747998719	1409	31230	pValueCutoff	0.05	0.00814802552590645	3.59649874770886
SRX1603264	0.129358	34.8009443653468	19310	55487	65.7275711159737	14418	21936	1.74191482548831	544	31230	qValueCutoff	0.05	NA	NA
SRX191151	0.422474	24.6219835276731	13662	55487	52.8491976659373	11593	21936	0.272174191482549	85	31230	pValueCutoff	0.001	0.00795290651867248	3.61567027707604
SRX191151	0.158227	29.4969992971327	16367	55487	59.0672866520788	12957	21936	1.08549471661864	339	31230	pValueCutoff	0.01	0.00795290651867248	3.61567027707604
SRX191151	0.0658927	34.0187791735001	18876	55487	63.6852662290299	13970	21936	3.27569644572526	1023	31230	pValueCutoff	0.05	0.00795290651867248	3.61567027707604
SRX191151	0.1350447	30.2593400255916	16790	55487	59.8878555798687	13137	21936	1.27121357668908	397	31230	qValueCutoff	0.05	NA	NA
SRX196268	0.599904	23.5929136554508	13091	55487	48.2175419401896	10577	21936	0.454691002241434	142	31230	pValueCutoff	0.001	0.0101919593978891	3.73845562741632
SRX196268	0.219059	29.0752788941554	16133	55487	54.7820933625091	12017	21936	1.52417547230227	476	31230	pValueCutoff	0.01	0.0101919593978891	3.73845562741632
SRX196268	0.0891893	34.7234487357399	19267	55487	59.9288840262582	13146	21936	4.54370797310279	1419	31230	pValueCutoff	0.05	0.0101919593978891	3.73845562741632
SRX196268	0.2197619	29.0608611026006	16125	55487	54.7684172137126	12014	21936	1.51136727505604	472	31230	qValueCutoff	0.05	NA	NA
SRX196276	0.571815	24.8905148953809	13811	55487	51.2217359591539	11236	21936	0.336215177713737	105	31230	pValueCutoff	0.001	0.00808353465358065	3.967243149847
SRX196276	0.199625	30.6324003820715	16997	55487	57.5993800145879	12635	21936	1.28402177393532	401	31230	pValueCutoff	0.01	0.00808353465358065	3.967243149847
SRX196276	0.0779961	36.2174923856038	20096	55487	62.6686725018235	13747	21936	4.43804034582133	1386	31230	pValueCutoff	0.05	0.00808353465358065	3.967243149847
SRX196276	0.171624	31.5064789950799	17482	55487	58.4655361050328	12825	21936	1.60742875440282	502	31230	qValueCutoff	0.05	NA	NA
SRX196285	2.104785	18.3069908266801	10158	55487	43.0981035740336	9454	21936	0.21133525456292	66	31230	pValueCutoff	0.001	0.0349129778705756	3.76523466008535
SRX196285	0.763081	22.4250725395138	12443	55487	50.1960247994165	11011	21936	0.707652897854627	221	31230	pValueCutoff	0.01	0.0349129778705756	3.76523466008535
SRX196285	0.309215	26.4692630706292	14687	55487	55.2835521517141	12127	21936	2.0268972142171	633	31230	pValueCutoff	0.05	0.0349129778705756	3.76523466008535
SRX196285	0.545752	23.9191161893777	13272	55487	52.2975929978118	11472	21936	1.00544348382965	314	31230	qValueCutoff	0.05	NA	NA
SRX211608	0.839282	23.5100113540108	13045	55487	51.0074762946754	11189	21936	0.294588536663465	92	31230	pValueCutoff	0.001	0.02484905114219	3.12314186182361
SRX211608	0.351505	27.5307729738497	15276	55487	56.532640408461	12401	21936	0.915786103105988	286	31230	pValueCutoff	0.01	0.02484905114219	3.12314186182361
SRX211608	0.161826	30.7982049849514	17089	55487	60.5579868708972	13284	21936	2.52961895613192	790	31230	pValueCutoff	0.05	0.02484905114219	3.12314186182361
SRX211608	0.304455	28.1795735938148	15636	55487	57.2939460247994	12568	21936	1.11431316042267	348	31230	qValueCutoff	0.05	NA	NA
SRX211609	0.803725	24.2182853641393	13438	55487	52.0970094821298	11428	21936	0.333013128402177	104	31230	pValueCutoff	0.001	0.021721675602037	3.21714782115936
SRX211609	0.3292512	28.4679294249103	15796	55487	57.4124726477024	12594	21936	1.05027217419148	328	31230	pValueCutoff	0.01	0.021721675602037	3.21714782115936
SRX211609	0.1484787	32.072377313605	17796	55487	61.6384026258206	13521	21936	2.965097662504	926	31230	pValueCutoff	0.05	0.021721675602037	3.21714782115936
SRX211609	0.310314	28.7418674644511	15948	55487	57.7042304886944	12658	21936	1.13992955491515	356	31230	qValueCutoff	0.05	NA	NA
SRX211610	0.878524	24.081316344369	13362	55487	51.6320204230489	11326	21936	0.37143772014089	116	31230	pValueCutoff	0.001	0.02337683154467	3.23317657264932
SRX211610	0.3585964	28.4408960657451	15781	55487	57.1936542669584	12546	21936	1.05347422350304	329	31230	pValueCutoff	0.01	0.02337683154467	3.23317657264932
SRX211610	0.161097	32.3012597545371	17923	55487	61.5609044493071	13504	21936	3.17323086775536	991	31230	pValueCutoff	0.05	0.02337683154467	3.23317657264932
SRX211610	0.349382	28.5472272784616	15840	55487	57.3395331874544	12578	21936	1.09189881524175	341	31230	qValueCutoff	0.05	NA	NA
SRX219281	0.5912422	22.5692504550615	12523	55487	50.4786652078775	11073	21936	0.441882804995197	138	31230	pValueCutoff	0.001	0.00696862690607798	4.2082148012159
SRX219281	0.197304935207	27.6389064105106	15336	55487	56.9474835886214	12492	21936	1.53698366954851	480	31230	pValueCutoff	0.01	0.00696862690607798	4.2082148012159
SRX219281	0.074081	32.975291509723	18297	55487	61.9483953318745	13589	21936	4.70381043868076	1469	31230	pValueCutoff	0.05	0.00696862690607798	4.2082148012159
SRX219281	0.2124143	27.2478238145872	15119	55487	56.505288110868	12395	21936	1.39289145052834	435	31230	qValueCutoff	0.05	NA	NA
SRX262967	0.358408	25.1175951123687	13937	55487	51.0530634573304	11199	21936	0.595581171950048	186	31230	pValueCutoff	0.001	0.0073072921341916	3.52407957517655
SRX262967	0.1368915	30.4359579721376	16888	55487	56.9748358862144	12498	21936	1.78354146653858	557	31230	pValueCutoff	0.01	0.0073072921341916	3.52407957517655
SRX262967	0.0580378	35.8354209094022	19884	55487	62.089715536105	13620	21936	4.72942683317323	1477	31230	pValueCutoff	0.05	0.0073072921341916	3.52407957517655
SRX262967	0.1544551	29.7619262169517	16514	55487	56.286469730124	12347	21936	1.53698366954851	480	31230	qValueCutoff	0.05	NA	NA
SRX262972	0.335729	25.337466433579	14059	55487	51.4998176513494	11297	21936	0.624399615754083	195	31230	pValueCutoff	0.001	0.0073031411991129	3.45069443483054
SRX262972	0.1302806	30.4738046749689	16909	55487	57.2255652808169	12553	21936	1.7899455651617	559	31230	pValueCutoff	0.01	0.0073031411991129	3.45069443483054
SRX262972	0.0560224	35.8678609404005	19902	55487	62.217359591539	13648	21936	4.55971821966058	1424	31230	pValueCutoff	0.05	0.0073031411991129	3.45069443483054
SRX262972	0.1475961	29.7925640240056	16531	55487	56.4733770970095	12388	21936	1.52097342299071	475	31230	qValueCutoff	0.05	NA	NA
SRX2751106	2.101868	16.8489916557031	9349	55487	38.9177607585704	8537	21936	0.124879923150817	39	31230	pValueCutoff	0.001	0.028333033859914	4.02932034612811
SRX2751106	0.724922	22.4268747634581	12444	55487	48.1400437636761	10560	21936	0.810118475824528	253	31230	pValueCutoff	0.01	0.028333033859914	4.02932034612811
SRX2751106	0.280506	27.9272622416061	15496	55487	54.7729759299781	12015	21936	3.0995837335895	968	31230	pValueCutoff	0.05	0.028333033859914	4.02932034612811
SRX2751106	0.688545	22.6827905635554	12586	55487	48.5001823486506	10639	21936	0.874159462055716	273	31230	qValueCutoff	0.05	NA	NA
SRX2751107	1.71068	16.8580027754249	9354	55487	38.8767323121809	8528	21936	0.15690041626641	49	31230	pValueCutoff	0.001	0.0226032932609899	4.05515051265952
SRX2751107	0.587043	22.3890280606268	12423	55487	48.2038657913931	10574	21936	0.890169708613513	278	31230	pValueCutoff	0.01	0.0226032932609899	4.05515051265952
SRX2751107	0.226251	27.8191288049453	15436	55487	54.6134208606856	11980	21936	3.13480627601665	979	31230	pValueCutoff	0.05	0.0226032932609899	4.05515051265952
SRX2751107	0.5777218	22.4899526015103	12479	55487	48.3406272793581	10604	21936	0.90617995517131	283	31230	qValueCutoff	0.05	NA	NA
SRX2751108	1.60309	17.1643808459639	9524	55487	39.4602479941648	8656	21936	0.147294268331732	46	31230	pValueCutoff	0.001	0.0200794726778018	4.12571266975966
SRX2751108	0.54324	23.0612575918684	12796	55487	48.9195842450766	10731	21936	0.899775856548191	281	31230	pValueCutoff	0.01	0.0200794726778018	4.12571266975966
SRX2751108	0.2066471	28.4823472164651	15804	55487	55.2014952589351	12109	21936	3.3205251360871	1037	31230	pValueCutoff	0.05	0.0200794726778018	4.12571266975966
SRX2751108	0.5251736	23.225259970804	12887	55487	49.1520787746171	10782	21936	0.944604546910022	295	31230	qValueCutoff	0.05	NA	NA
SRX2751109	1.369998	17.8257970335394	9891	55487	41.0557986870897	9006	21936	0.140890169708614	44	31230	pValueCutoff	0.001	0.0196760755569075	3.94688045084619
SRX2751109	0.480146	23.2108421792492	12879	55487	49.626185266229	10886	21936	0.784502081332052	245	31230	pValueCutoff	0.01	0.0196760755569075	3.94688045084619
SRX2751109	0.188265	28.3850271234704	15750	55487	55.70295404814	12219	21936	2.98751200768492	933	31230	pValueCutoff	0.05	0.0196760755569075	3.94688045084619
SRX2751109	0.434616	23.7965649611621	13204	55487	50.355579868709	11046	21936	0.941402497598463	294	31230	qValueCutoff	0.05	NA	NA
SRX2751110	2.1072527	15.4847081298322	8592	55487	35.6400437636761	7818	21936	0.192122958693564	60	31230	pValueCutoff	0.001	0.0258133492256285	4.15576279597729
SRX2751110	0.709887	21.3112981419071	11825	55487	45.7603938730853	10038	21936	0.890169708613513	278	31230	pValueCutoff	0.01	0.0258133492256285	4.15576279597729
SRX2751110	0.26892	26.6945410636726	14812	55487	52.9859591539023	11623	21936	3.19244316362472	997	31230	pValueCutoff	0.05	0.0258133492256285	4.15576279597729
SRX2751110	0.743816	21.0661956854759	11689	55487	45.4230488694384	9964	21936	0.819724623759206	256	31230	qValueCutoff	0.05	NA	NA
SRX2751111	1.46549	17.6131346081064	9773	55487	40.6637490882567	8920	21936	0.163304514889529	51	31230	pValueCutoff	0.001	0.0186832317269927	4.10238623033692
SRX2751111	0.498429	23.3027556004109	12930	55487	49.9316192560175	10953	21936	0.877361511367275	274	31230	pValueCutoff	0.01	0.0186832317269927	4.10238623033692
SRX2751111	0.190474	28.7544830320616	15955	55487	56.2272064186725	12334	21936	3.27889849503682	1024	31230	pValueCutoff	0.05	0.0186832317269927	4.10238623033692
SRX2751111	0.4744002	23.573089192063	13080	55487	50.27352297593	11028	21936	0.954210694844701	298	31230	qValueCutoff	0.05	NA	NA
SRX2751112	1.622904	17.2040297727396	9546	55487	39.7064186725018	8710	21936	0.166506564201089	52	31230	pValueCutoff	0.001	0.0200250517076355	4.14540319803728
SRX2751112	0.547345	22.8954529889884	12704	55487	48.9651714077316	10741	21936	0.893371757925072	279	31230	pValueCutoff	0.01	0.0200250517076355	4.14540319803728
SRX2751112	0.207708	28.3291581811956	15719	55487	55.2516411378556	12120	21936	3.37495997438361	1054	31230	pValueCutoff	0.05	0.0200250517076355	4.14540319803728
SRX2751112	0.536861	23.012597545371	12769	55487	49.1338439095551	10778	21936	0.912584053794428	285	31230	qValueCutoff	0.05	NA	NA
SRX2751113	1.675211	17.4365166615604	9675	55487	40.2397884755653	8827	21936	0.134486071085495	42	31230	pValueCutoff	0.001	0.0300738460340499	3.67080156726067
SRX2751113	0.619835	22.416061419792	12438	55487	48.0898978847557	10549	21936	0.781300032020493	244	31230	pValueCutoff	0.01	0.0300738460340499	3.67080156726067
SRX2751113	0.255481	27.3487483554707	15175	55487	54.0435813274982	11855	21936	2.62888248479027	821	31230	pValueCutoff	0.05	0.0300738460340499	3.67080156726067
SRX2751113	0.55919	23.0071908735379	12766	55487	48.8147337709701	10708	21936	0.918988152417547	287	31230	qValueCutoff	0.05	NA	NA
SRX2751114	1.7889037	17.4166921981725	9664	55487	40.2443471918308	8828	21936	0.150496317643292	47	31230	pValueCutoff	0.001	0.0305565659400115	3.7320144977029
SRX2751114	0.6543	22.374610269072	12415	55487	48.3543034281546	10607	21936	0.726865193723983	227	31230	pValueCutoff	0.01	0.0305565659400115	3.7320144977029
SRX2751114	0.26661	27.3757817146359	15190	55487	54.2851932895697	11908	21936	2.66410502721742	832	31230	pValueCutoff	0.05	0.0305565659400115	3.7320144977029
SRX2751114	0.573919	23.1135220862544	12825	55487	49.3572210065646	10827	21936	0.867755363432597	271	31230	qValueCutoff	0.05	NA	NA
SRX2751115	1.945188	16.8435849838701	9346	55487	38.8584974471189	8524	21936	0.147294268331732	46	31230	pValueCutoff	0.001	0.0323120470322309	3.76592715322557
SRX2751115	0.706519	22.3349613422964	12393	55487	47.9075492341357	10509	21936	0.739673390970221	231	31230	pValueCutoff	0.01	0.0323120470322309	3.76592715322557
SRX2751115	0.286234	27.5523996611819	15288	55487	54.0891684901532	11865	21936	2.72494396413705	851	31230	pValueCutoff	0.05	0.0323120470322309	3.76592715322557
SRX2751115	0.638872	22.8666174058789	12688	55487	48.6095915390226	10663	21936	0.813320525136087	254	31230	qValueCutoff	0.05	NA	NA
SRX2751116	1.4746	17.5879034728855	9759	55487	40.7230123997082	8933	21936	0.16010246557797	50	31230	pValueCutoff	0.001	0.0282754836911321	3.59463443013071
SRX2751116	0.554815	22.5602393353398	12518	55487	48.9651714077316	10741	21936	0.656420108869677	205	31230	pValueCutoff	0.01	0.0282754836911321	3.59463443013071
SRX2751116	0.23199	27.3721772667472	15188	55487	54.7410649161196	12008	21936	2.34069804674992	731	31230	pValueCutoff	0.05	0.0282754836911321	3.59463443013071
SRX2751116	0.448797	23.6956404202786	13148	55487	50.4239606126915	11061	21936	0.938200448286904	293	31230	qValueCutoff	0.05	NA	NA
SRX2751117	1.1780989	18.3664642168436	10191	55487	42.4279722830051	9307	21936	0.166506564201089	52	31230	pValueCutoff	0.001	0.0211014899991246	3.67513501465556
SRX2751117	0.436188	23.3279867356318	12944	55487	50.27352297593	11028	21936	0.704450848543067	220	31230	pValueCutoff	0.01	0.0211014899991246	3.67513501465556
SRX2751117	0.179576	28.1759691459261	15634	55487	55.8807439824945	12258	21936	2.59045789305155	809	31230	pValueCutoff	0.05	0.0211014899991246	3.67513501465556
SRX2751117	0.3632	24.2399120514715	13450	55487	51.4359956236324	11283	21936	0.912584053794428	285	31230	qValueCutoff	0.05	NA	NA
SRX2751130	32.3962	6.32580604465911	3510	55487	13.7855579868709	3024	21936	0.10886967659302	34	31230	pValueCutoff	0.001	0.252456131466961	4.81051153184831
SRX2751130	9.75544	14.8016652549246	8213	55487	29.9370897155361	6567	21936	0.934998398975344	292	31230	pValueCutoff	0.01	0.252456131466961	4.81051153184831
SRX2751130	3.34445	23.0558509200353	12793	55487	43.303245805981	9499	21936	3.88728786423311	1214	31230	pValueCutoff	0.05	0.252456131466961	4.81051153184831
SRX2751130	18.72294	9.9699028601294	5532	55487	21.0612691466083	4620	21936	0.304194684598143	95	31230	qValueCutoff	0.05	NA	NA
SRX2751131	37.46617	5.73828103880188	3184	55487	12.427060539752	2726	21936	0.124879923150817	39	31230	pValueCutoff	0.001	0.261452869027978	4.9858449960694
SRX2751131	10.98044	14.0573467659091	7800	55487	28.5421225382932	6261	21936	0.951008645533141	297	31230	pValueCutoff	0.01	0.261452869027978	4.9858449960694
SRX2751131	3.67418	22.2304323535243	12335	55487	41.8763676148796	9186	21936	3.94172270252962	1231	31230	pValueCutoff	0.05	0.261452869027978	4.9858449960694
SRX2751131	24.42038	8.26139456088814	4584	55487	17.5966447848286	3860	21936	0.275376240794108	86	31230	qValueCutoff	0.05	NA	NA
SRX2751132	37.144295	6.03204354173049	3347	55487	13.1291028446389	2880	21936	0.134486071085495	42	31230	pValueCutoff	0.001	0.279057295547111	4.86803814506349
SRX2751132	11.0854	14.9999098888028	8323	55487	30.3792851932896	6664	21936	0.912584053794428	285	31230	pValueCutoff	0.01	0.279057295547111	4.86803814506349
SRX2751132	3.769836	23.4685602032909	13022	55487	43.8730853391685	9624	21936	4.04739032981108	1264	31230	pValueCutoff	0.05	0.279057295547111	4.86803814506349
SRX2751132	21.33739	9.87438499107899	5479	55487	20.8834792122538	4581	21936	0.291386487351905	91	31230	qValueCutoff	0.05	NA	NA
SRX2751133	31.12168	6.31859714888172	3506	55487	13.7809992706054	3023	21936	0.128081972462376	40	31230	pValueCutoff	0.001	0.238312488953186	4.83843173153944
SRX2751133	9.33633	15.2540234649558	8464	55487	31.122355944566	6827	21936	0.883765609990394	276	31230	pValueCutoff	0.01	0.238312488953186	4.83843173153944
SRX2751133	3.18738	23.4883846666787	13033	55487	44.1466083150985	9684	21936	3.96733909702209	1239	31230	pValueCutoff	0.05	0.238312488953186	4.83843173153944
SRX2751133	17.3694	10.3916232631067	5766	55487	22.0687454412837	4841	21936	0.336215177713737	105	31230	qValueCutoff	0.05	NA	NA
SRX2751134	53.0164	4.8173446032404	2673	55487	10.3118161925602	2262	21936	0.144092219020173	45	31230	pValueCutoff	0.001	0.321848443171731	5.21498395303988
SRX2751134	15.0103	12.8967145457495	7156	55487	26.0348285922684	5711	21936	0.992635286583413	310	31230	pValueCutoff	0.01	0.321848443171731	5.21498395303988
SRX2751134	4.86938	21.4825094166201	11920	55487	40.2990517870168	8840	21936	4.22990714056996	1321	31230	pValueCutoff	0.05	0.321848443171731	5.21498395303988
SRX2751134	39.244625	6.33481716438085	3515	55487	13.5165937272064	2965	21936	0.217739353186039	68	31230	qValueCutoff	0.05	NA	NA
SRX2751135	32.8822	6.27354155027304	3481	55487	13.7992341356674	3027	21936	0.147294268331732	46	31230	pValueCutoff	0.001	0.265597073687238	4.7540223103496
SRX2751135	9.9852	15.1963522987366	8432	55487	31.1177972283005	6826	21936	0.976625040025616	305	31230	pValueCutoff	0.01	0.265597073687238	4.7540223103496
SRX2751135	3.45079	23.5172202497882	13049	55487	44.2651349380015	9710	21936	3.96093499839898	1237	31230	pValueCutoff	0.05	0.265597073687238	4.7540223103496
SRX2751135	20.34231	9.50853353037648	5276	55487	20.3774617067834	4470	21936	0.339417227025296	106	31230	qValueCutoff	0.05	NA	NA
SRX2751136	37.824179	5.80856777263143	3223	55487	12.68234865062	2782	21936	0.140890169708614	44	31230	pValueCutoff	0.001	0.265063771342748	4.97922814713515
SRX2751136	11.0967	14.7782363436481	8200	55487	30.2242888402626	6630	21936	0.918988152417547	287	31230	pValueCutoff	0.01	0.265063771342748	4.97922814713515
SRX2751136	3.71613	23.448735739903	13011	55487	44.20587162655	9697	21936	4.01216778738393	1253	31230	pValueCutoff	0.05	0.265063771342748	4.97922814713515
SRX2751136	22.7076	9.18233099644962	5095	55487	19.6252735229759	4305	21936	0.313800832532821	98	31230	qValueCutoff	0.05	NA	NA
SRX2751137	34.44187	6.62137077153207	3674	55487	14.3964259664478	3158	21936	0.112071725904579	35	31230	pValueCutoff	0.001	0.271619681831313	4.79235095843088
SRX2751137	10.40378	15.3243101987853	8503	55487	30.903537563822	6779	21936	0.918988152417547	287	31230	pValueCutoff	0.01	0.271619681831313	4.79235095843088
SRX2751137	3.57615	23.0071908735379	12766	55487	43.1892778993435	9474	21936	3.75280179314761	1172	31230	pValueCutoff	0.05	0.271619681831313	4.79235095843088
SRX2751137	19.206757	10.5664389857084	5863	55487	22.1644784828592	4862	21936	0.31700288184438	99	31230	qValueCutoff	0.05	NA	NA
SRX2751138	30.89342	6.51503955881558	3615	55487	14.3371626549964	3145	21936	0.0960614793467819	30	31230	pValueCutoff	0.001	0.249995851069527	4.75007368152369
SRX2751138	9.38072000586143	15.3297168706183	8506	55487	31.52352297593	6915	21936	0.816522574447647	255	31230	pValueCutoff	0.01	0.249995851069527	4.75007368152369
SRX2751138	3.24391	23.40187791735	12985	55487	44.324398249453	9723	21936	3.64073006724304	1137	31230	pValueCutoff	0.05	0.249995851069527	4.75007368152369
SRX2751138	15.892868	11.0548416746265	6134	55487	23.5913566739606	5175	21936	0.342619276336856	107	31230	qValueCutoff	0.05	NA	NA
SRX2751139	38.8052	6.08971470794961	3379	55487	13.3570386579139	2930	21936	0.115273775216138	36	31230	pValueCutoff	0.001	0.313288537540857	4.75570978332275
SRX2751139	11.7868	14.9043920197524	8270	55487	30.5570751276441	6703	21936	0.893371757925072	279	31230	pValueCutoff	0.01	0.313288537540857	4.75570978332275
SRX2751139	4.07268	23.1928199398057	12869	55487	43.7819110138585	9604	21936	3.81043868075568	1190	31230	pValueCutoff	0.05	0.313288537540857	4.75570978332275
SRX2751139	21.980571	9.88880278263377	5487	55487	21.0521517140773	4618	21936	0.294588536663465	92	31230	qValueCutoff	0.05	NA	NA
SRX2751140	21.5938	7.4449871140988	4131	55487	16.4341721371262	3605	21936	0.115273775216138	36	31230	pValueCutoff	0.001	0.17877468720316	4.71710723839677
SRX2751140	6.60277	16.5966803034945	9209	55487	34.3636032093363	7538	21936	0.90617995517131	283	31230	pValueCutoff	0.01	0.17877468720316	4.71710723839677
SRX2751140	2.293091	24.5372790022888	13615	55487	46.3803792851933	10174	21936	3.76240794108229	1175	31230	pValueCutoff	0.05	0.17877468720316	4.71710723839677
SRX2751140	10.62455	12.8750878584173	7144	55487	27.4981765134938	6032	21936	0.406660262568044	127	31230	qValueCutoff	0.05	NA	NA
SRX2751141	17.900606	8.10460107772992	4497	55487	18.193836615609	3991	21936	0.112071725904579	35	31230	pValueCutoff	0.001	0.155465794825653	4.64508183415577
SRX2751141	5.541075	17.2364698037378	9564	55487	36.0275346462436	7903	21936	0.835734870317003	261	31230	pValueCutoff	0.01	0.155465794825653	4.64508183415577
SRX2751141	1.944606	25.036495034873	13892	55487	47.6932895696572	10462	21936	3.63432596861992	1135	31230	pValueCutoff	0.05	0.155465794825653	4.64508183415577
SRX2751141	7.903255	14.4610449294429	8024	55487	31.0813274981765	6818	21936	0.509125840537944	159	31230	qValueCutoff	0.05	NA	NA
SRX3050418	0.66025	20.26781047813	11246	55487	47.1553610503282	10344	21936	0.118475824527698	37	31230	pValueCutoff	0.001	0.0152906548409597	3.38166212300457
SRX3050418	0.260246	23.7623227062195	13185	55487	53.1363967906638	11656	21936	0.368235670829331	115	31230	pValueCutoff	0.01	0.0152906548409597	3.38166212300457
SRX3050418	0.113501	26.8981923693838	14925	55487	57.4352662290299	12599	21936	0.858149215497919	268	31230	pValueCutoff	0.05	0.0152906548409597	3.38166212300457
SRX3050418	0.0761764	28.2804981346982	15692	55487	59.3636032093362	13022	21936	1.31924431636247	412	31230	qValueCutoff	0.05	NA	NA
SRX3050419	0.487939	20.2083370879666	11213	55487	46.4487600291758	10189	21936	0.118475824527698	37	31230	pValueCutoff	0.001	0.0122023355405126	3.29782895401018
SRX3050419	0.195908	23.9245228612107	13275	55487	52.6394967177243	11547	21936	0.377841818764009	118	31230	pValueCutoff	0.01	0.0122023355405126	3.29782895401018
SRX3050419	0.0868865	27.0405680609873	15004	55487	57.1024799416484	12526	21936	0.90617995517131	283	31230	pValueCutoff	0.05	0.0122023355405126	3.29782895401018
SRX3050419	0.0628246	28.1669580262043	15629	55487	58.6570021881838	12867	21936	1.35126480947807	422	31230	qValueCutoff	0.05	NA	NA
SRX3050420	1.041018	20.9616666967037	11631	55487	48.7509117432531	10694	21936	0.115273775216138	36	31230	pValueCutoff	0.001	0.0258733153296565	3.3047174624536
SRX3050420	0.417449	24.4165299980176	13548	55487	54.5815098468271	11973	21936	0.32020493115594	100	31230	pValueCutoff	0.01	0.0258733153296565	3.3047174624536
SRX3050420	0.18482485	27.392001730135	15199	55487	58.5658278628738	12847	21936	0.752481588216458	235	31230	pValueCutoff	0.05	0.0258733153296565	3.3047174624536
SRX3050420	0.109022	29.1347522843189	16166	55487	60.9272428884026	13365	21936	1.38968940121678	434	31230	qValueCutoff	0.05	NA	NA
SRX3050421	0.46337	20.2299637752987	11225	55487	46.6721371261853	10238	21936	0.10886967659302	34	31230	pValueCutoff	0.001	0.0110326805563131	3.35166770605164
SRX3050421	0.1840518	23.8758628147134	13248	55487	52.8491976659373	11593	21936	0.342619276336856	107	31230	pValueCutoff	0.01	0.0110326805563131	3.35166770605164
SRX3050421	0.0806775	26.9702813271577	14965	55487	57.2027716994894	12548	21936	0.915786103105988	286	31230	pValueCutoff	0.05	0.0110326805563131	3.35166770605164
SRX3050421	0.0568735	28.1759691459261	15634	55487	58.8302334062728	12905	21936	1.34165866154339	419	31230	qValueCutoff	0.05	NA	NA
SRX3050422	1.0841001	19.9740479752014	11083	55487	46.7268417213713	10250	21936	0.10886967659302	34	31230	pValueCutoff	0.001	0.0218951771942388	3.53508748528083
SRX3050422	0.413432	23.5766936399517	13082	55487	52.9312545587163	11611	21936	0.345821325648415	108	31230	pValueCutoff	0.01	0.0218951771942388	3.53508748528083
SRX3050422	0.17477	26.9756879989908	14968	55487	57.6312910284464	12642	21936	0.928594300352225	290	31230	pValueCutoff	0.05	0.0218951771942388	3.53508748528083
SRX3050422	0.124462	28.1399246670391	15614	55487	59.2040481400438	12987	21936	1.33525456292027	417	31230	qValueCutoff	0.05	NA	NA
SRX3050423	0.6841001	20.2065348640222	11212	55487	47.0960977388767	10331	21936	0.124879923150817	39	31230	pValueCutoff	0.001	0.016027230463447	3.369174704834
SRX3050423	0.27056	23.7605204822751	13184	55487	53.0315463165573	11633	21936	0.365033621517771	114	31230	pValueCutoff	0.01	0.016027230463447	3.369174704834
SRX3050423	0.118185	26.9288301764377	14942	55487	57.3942377826404	12590	21936	0.925392251040666	289	31230	pValueCutoff	0.05	0.016027230463447	3.369174704834
SRX3050423	0.0858068	28.0408023501	15559	55487	58.9168490153173	12924	21936	1.32244636567403	413	31230	qValueCutoff	0.05	NA	NA
SRX3050424	0.7641332	19.364896282012	10745	55487	44.9215900802334	9854	21936	0.0832532821005443	26	31230	pValueCutoff	0.001	0.0167205397095495	3.44461723460407
SRX3050424	0.297068	23.2595022257466	12906	55487	51.9830415754923	11403	21936	0.262568043547871	82	31230	pValueCutoff	0.01	0.0167205397095495	3.44461723460407
SRX3050424	0.127925	26.5233297889596	14717	55487	56.7560175054705	12450	21936	0.720461095100865	225	31230	pValueCutoff	0.05	0.0167205397095495	3.44461723460407
SRX3050424	0.0710419	28.4697316488547	15797	55487	59.5687454412837	13067	21936	1.38328530259366	432	31230	qValueCutoff	0.05	NA	NA
SRX3050425	0.460407	17.5770901292195	9753	55487	39.6425966447848	8696	21936	0.0832532821005443	26	31230	pValueCutoff	0.001	0.0110767596110998	3.33951145770138
SRX3050425	0.183143	21.9420765224287	12175	55487	47.8437272064187	10495	21936	0.259365994236311	81	31230	pValueCutoff	0.01	0.0110767596110998	3.33951145770138
SRX3050425	0.080518	25.5645466505668	14185	55487	54.1301969365427	11874	21936	0.669228306115914	209	31230	pValueCutoff	0.05	0.0110767596110998	3.33951145770138
SRX3050425	0.0404778	28.0606268134878	15570	55487	58.0142231947484	12726	21936	1.3800832532821	431	31230	qValueCutoff	0.05	NA	NA
SRX3050426	0.455812	20.5111107106169	11381	55487	47.2009482129832	10354	21936	0.124879923150817	39	31230	pValueCutoff	0.001	0.0104045142073952	3.3969896925059
SRX3050426	0.1790149	24.1840431091967	13419	55487	53.4190371991247	11718	21936	0.387447966698687	121	31230	pValueCutoff	0.01	0.0104045142073952	3.3969896925059
SRX3050426	0.0778487	27.4442662245211	15228	55487	57.9230488694384	12706	21936	0.918988152417547	287	31230	pValueCutoff	0.05	0.0104045142073952	3.3969896925059
SRX3050426	0.0539828	28.7220430010633	15937	55487	59.5505105762217	13063	21936	1.36087095741274	425	31230	qValueCutoff	0.05	NA	NA
SRX3050427	0.832039	19.5198875412259	10831	55487	45.1996717724289	9915	21936	0.0928594300352225	29	31230	pValueCutoff	0.001	0.0193607141508183	3.37639110203834
SRX3050427	0.3285838	23.3802512300178	12973	55487	51.9784828592268	11402	21936	0.342619276336856	107	31230	pValueCutoff	0.01	0.0193607141508183	3.37639110203834
SRX3050427	0.1432744	26.5900120749004	14754	55487	56.4733770970095	12388	21936	0.867755363432597	271	31230	pValueCutoff	0.05	0.0193607141508183	3.37639110203834
SRX3050427	0.0989296	27.817326581001	15435	55487	58.2376002917578	12775	21936	1.30323406980468	407	31230	qValueCutoff	0.05	NA	NA
SRX3050428	0.757325	19.8767278822066	11029	55487	46.0202407002188	10095	21936	0.0928594300352225	29	31230	pValueCutoff	0.001	0.0184135906268079	3.32872012241492
SRX3050428	0.302118	23.40187791735	12985	55487	52.3249452954048	11478	21936	0.304194684598143	95	31230	pValueCutoff	0.01	0.0184135906268079	3.32872012241492
SRX3050428	0.133247	26.5035053255718	14706	55487	56.8836615609045	12478	21936	0.771693884085815	241	31230	pValueCutoff	0.05	0.0184135906268079	3.32872012241492
SRX3050428	0.0754892	28.3634004361382	15738	55487	59.5003646973012	13052	21936	1.38968940121678	434	31230	qValueCutoff	0.05	NA	NA
SRX3050429	0.640813	19.8172544920432	10996	55487	45.7968636032093	10046	21936	0.0992635286583413	31	31230	pValueCutoff	0.001	0.0138875629300983	3.45527979765583
SRX3050429	0.248659	23.7154648836664	13159	55487	52.4525893508388	11506	21936	0.339417227025296	106	31230	pValueCutoff	0.01	0.0138875629300983	3.45527979765583
SRX3050429	0.1067596	27.0387658370429	15003	55487	57.2529175784099	12559	21936	0.819724623759206	256	31230	pValueCutoff	0.05	0.0138875629300983	3.45527979765583
SRX3050429	0.0677994	28.6409429235677	15892	55487	59.3727206418672	13024	21936	1.36727505603586	427	31230	qValueCutoff	0.05	NA	NA
SRX3050430	0.604866	20.1506659217474	11181	55487	46.0749452954048	10107	21936	0.166506564201089	52	31230	pValueCutoff	0.001	0.012452115239314	3.51302954861559
SRX3050430	0.231677	24.2074720204733	13432	55487	52.7124361779723	11563	21936	0.541146333653538	169	31230	pValueCutoff	0.01	0.012452115239314	3.51302954861559
SRX3050430	0.098386	27.9038333303296	15483	55487	57.5993800145879	12635	21936	1.42170989433237	444	31230	pValueCutoff	0.05	0.012452115239314	3.51302954861559
SRX3050430	0.108965	27.4893218231297	15253	55487	57.0842450765864	12522	21936	1.2776176753122	399	31230	qValueCutoff	0.05	NA	NA
SRX3050431	0.42730336	19.3108295636816	10715	55487	43.914113785558	9633	21936	0.185718860070445	58	31230	pValueCutoff	0.001	0.00907733173193452	3.47739739458293
SRX3050431	0.1648874	23.31897561591	12939	55487	50.601750547046	11100	21936	0.621197566442523	194	31230	pValueCutoff	0.01	0.00907733173193452	3.47739739458293
SRX3050431	0.0705561	27.0874258835403	15030	55487	55.8807439824945	12258	21936	1.4985590778098	468	31230	pValueCutoff	0.05	0.00907733173193452	3.47739739458293
SRX3050431	0.0873904	26.1484672085353	14509	55487	54.6134208606856	11980	21936	1.19436439321166	373	31230	qValueCutoff	0.05	NA	NA
SRX3050432	0.791538	19.4676230468398	10802	55487	44.9626185266229	9863	21936	0.121677873839257	38	31230	pValueCutoff	0.001	0.0180032508349356	3.40135997763047
SRX3050432	0.310592	23.3640312145187	12964	55487	51.7505470459519	11352	21936	0.387447966698687	121	31230	pValueCutoff	0.01	0.0180032508349356	3.40135997763047
SRX3050432	0.134945	26.6837277200065	14806	55487	56.6374908825675	12424	21936	0.970220941402498	303	31230	pValueCutoff	0.05	0.0180032508349356	3.40135997763047
SRX3050432	0.108815	27.4947284949628	15256	55487	57.7771699489424	12674	21936	1.25840537944284	393	31230	qValueCutoff	0.05	NA	NA
SRX3050433	0.43136565	19.5108764215041	10826	55487	44.3745441283735	9734	21936	0.195325008005123	61	31230	pValueCutoff	0.001	0.00904537101921259	3.49249497461124
SRX3050433	0.1659929	23.4649557554022	13020	55487	51.0758570386579	11204	21936	0.634005763688761	198	31230	pValueCutoff	0.01	0.00904537101921259	3.49249497461124
SRX3050433	0.0707673	27.0423702849316	15005	55487	56.222647702407	12333	21936	1.55939801472943	487	31230	pValueCutoff	0.05	0.00904537101921259	3.49249497461124
SRX3050433	0.089201	26.1016093859823	14483	55487	54.8641502552881	12035	21936	1.20076849183477	375	31230	qValueCutoff	0.05	NA	NA
SRX3050434	0.61136	17.9195126786455	9943	55487	41.1424142961342	9025	21936	0.198527057316683	62	31230	pValueCutoff	0.001	0.00959959937060495	3.83515077754996
SRX3050434	0.218962	22.1583433957504	12295	55487	48.8876732312181	10724	21936	0.694844700608389	217	31230	pValueCutoff	0.01	0.00959959937060495	3.83515077754996
SRX3050434	0.0876661	25.9736514859336	14412	55487	54.6043034281546	11978	21936	1.72590457893052	539	31230	pValueCutoff	0.05	0.00959959937060495	3.83515077754996
SRX3050434	0.13422	24.2453187233046	13453	55487	52.1562727935813	11441	21936	1.14313160422671	357	31230	qValueCutoff	0.05	NA	NA
SRX3050435	0.628411	19.0819471227495	10588	55487	43.8822027716995	9626	21936	0.137688120397054	43	31230	pValueCutoff	0.001	0.0135426348798181	3.46172798256309
SRX3050435	0.243439	23.1351487735866	12837	55487	51.0211524434719	11192	21936	0.486711495357029	152	31230	pValueCutoff	0.01	0.0135426348798181	3.46172798256309
SRX3050435	0.10441551	26.6098365382882	14765	55487	56.231765134938	12335	21936	1.20076849183477	375	31230	pValueCutoff	0.05	0.0135426348798181	3.46172798256309
SRX3050435	0.0978883	26.8909834736064	14921	55487	56.623814733771	12421	21936	1.26480947806596	395	31230	qValueCutoff	0.05	NA	NA
SRX3050436	0.321576	17.7807414349307	9866	55487	39.9981765134938	8774	21936	0.227345501120717	71	31230	pValueCutoff	0.001	0.00637653647526441	3.55621447921395
SRX3050436	0.122054	22.0808477661434	12252	55487	47.8710795040117	10501	21936	0.58277297470381	182	31230	pValueCutoff	0.01	0.00637653647526441	3.55621447921395
SRX3050436	0.0513944	25.8961558563267	14369	55487	53.8293216630197	11808	21936	1.41210374639769	441	31230	pValueCutoff	0.05	0.00637653647526441	3.55621447921395
SRX3050436	0.0586195	25.3212464180799	14050	55487	52.9494894237783	11615	21936	1.1911623439001	372	31230	qValueCutoff	0.05	NA	NA
SRX3050437	0.5443024	19.447798583452	10791	55487	44.6161560904449	9787	21936	0.169708613512648	53	31230	pValueCutoff	0.001	0.0106450505565731	3.57173693040168
SRX3050437	0.205804	23.4505379638474	13012	55487	51.5362873814734	11305	21936	0.58277297470381	182	31230	pValueCutoff	0.01	0.0106450505565731	3.57173693040168
SRX3050437	0.0864106	27.1505037215924	15065	55487	56.6101385849745	12418	21936	1.50816522574448	471	31230	pValueCutoff	0.05	0.0106450505565731	3.57173693040168
SRX3050437	0.10498	26.2926451240831	14589	55487	55.5114879649891	12177	21936	1.22318283701569	382	31230	qValueCutoff	0.05	NA	NA
SRX3050438	0.571588	18.0600861463045	10021	55487	41.3521152443472	9071	21936	0.179314761447326	56	31230	pValueCutoff	0.001	0.0098578119063983	3.71978294861411
SRX3050438	0.209511	22.2718835042442	12358	55487	48.9195842450766	10731	21936	0.573166826769132	179	31230	pValueCutoff	0.01	0.0098578119063983	3.71978294861411
SRX3050438	0.085591	26.1034116099267	14484	55487	54.6134208606856	11980	21936	1.66506564201089	520	31230	pValueCutoff	0.05	0.0098578119063983	3.71978294861411
SRX3050438	0.1183717	24.8040081460522	13763	55487	52.7443471918308	11570	21936	1.13992955491515	356	31230	qValueCutoff	0.05	NA	NA
SRX3050439	0.278287	20.3867572584569	11312	55487	46.0886214442013	10110	21936	0.240153698366955	75	31230	pValueCutoff	0.001	0.00544558871372236	3.57099721200679
SRX3050439	0.105241	24.5697190332871	13633	55487	53.0361050328228	11634	21936	0.569964777457573	178	31230	pValueCutoff	0.01	0.00544558871372236	3.57099721200679
SRX3050439	0.04422	28.1507380107052	15620	55487	58.0096644784829	12725	21936	1.35766890810118	424	31230	pValueCutoff	0.05	0.00544558871372236	3.57099721200679
SRX3050439	0.04553256	28.0173734388235	15546	55487	57.8455506929249	12689	21936	1.30003202049312	406	31230	qValueCutoff	0.05	NA	NA
SRX3050440	0.594466	19.3847207453998	10756	55487	44.2651349380015	9710	21936	0.195325008005123	61	31230	pValueCutoff	0.001	0.0125230682328614	3.48677635788235
SRX3050440	0.2288693	23.3874601257952	12977	55487	51.1305616338439	11216	21936	0.589177073326929	184	31230	pValueCutoff	0.01	0.0125230682328614	3.48677635788235
SRX3050440	0.0977094	27.0603925243751	15015	55487	56.1816192560175	12324	21936	1.54658981748319	483	31230	pValueCutoff	0.05	0.0125230682328614	3.48677635788235
SRX3050440	0.120188	26.188116135311	14531	55487	55.1148796498906	12090	21936	1.24559718219661	389	31230	qValueCutoff	0.05	NA	NA
